time_ms,raw_phone_ax,raw_phone_ay,raw_phone_az,calib_veh_ax_fwd,calib_veh_ay_lat,calib_veh_az_up,raw_phone_gx,raw_phone_gy,raw_phone_gz,calib_veh_gx_roll,calib_veh_gy_pitch,calib_veh_gz_yaw
48,1.0897,0.5958,10.4155,-0.8677183307670057,0.4119683907960075,10.445210138338805,-0.0033,-0.0024,0.0596,0.005625048294663429,-0.001167463945038617,0.05946264361813664
2048,-0.357,0.1054,9.9802,0.42854815093725923,-0.3739523607299663,9.970930742182583,0.0309,0.0012,-0.0162,-0.02132157025784254,0.022863714227546007,-0.015534839230030774
4048,-0.618,0.4526,9.6697,0.3235045221857727,-0.7964444384208416,9.661826600233466,0.0156,-0.0134,-0.004,3.9168339967727664e-05,0.02057773942090571,-0.003933840633183718
6049,-0.0965,-0.0943,9.588,0.4017631303191185,-0.04478891899771989,9.580424435410276,-0.0168,-0.0128,-0.004,0.02050396221280098,-0.004539644035324453,-0.0045890266835689544
8048,0.0824,-0.2841,9.7578,0.43579720564335583,0.21381689597433434,9.750206661534682,-0.0021,-0.0134,0.0247,0.01226980902031064,0.006972012454131619,0.024390630289912223
10049,0.0479,-0.1182,9.7734,0.3319243101850152,0.08024768774816765,9.768265106204153,0.0016,-0.0165,0.0107,0.011855311159044505,0.0118457427975256,0.01041297130472958
12048,0.052,0.1032,9.9556,0.16542481524646283,-0.06027397625092418,9.954713999977708,-0.0082,-0.0122,-0.0058,0.014442392952740194,0.0016427931577898565,-0.006199880243092775
14048,-0.0393,-0.0823,9.7025,0.3588637185744941,-0.009266044841194527,9.696285802558437,0.0064,0.0006,0.0076,-0.004378649505972863,0.004471826967783272,0.0077401676096022125
16048,0.0127,-0.0988,9.9868,0.34580585025250915,0.040133345326222473,9.981227788337321,0.0297,-0.0177,0.0229,-0.005034532592445613,0.03402794766980223,0.023163382184132934
18048,-0.1014,0.0576,9.7071,0.2923457057006657,-0.14706649782783351,9.702283181212843,-0.0229,0.0104,-0.0211,0.0062637103043496605,-0.02412740018893965,-0.021363859906047583
20048,-0.0932,0.3677,9.701,0.05026441612094639,-0.34113634763183076,9.702288048083709,-0.0137,-0.0421,-0.0357,0.039974520943313836,0.016862573481025173,-0.03677337753511965
22049,0.1993,0.4008,10.4647,-0.14257030249759553,-0.14182055901973503,10.472338409989328,0.0462,0.0147,0.0858,-0.03865693408995867,0.025478527201619,0.08699802520014346
24047,-0.2347,0.051,9.9071,0.3890412260480225,-0.24521413438520392,9.899335126906633,0.0284,0.0269,-0.0083,-0.039096664569526915,0.004324917746288704,-0.007197631608322263
26049,-0.0677,-0.0712,9.8941,0.3740790560089052,-0.03875485019688494,9.887438189844042,-0.0168,0.0,0.0333,0.011777791395038366,-0.012934170783357693,0.03294117327332497
28048,0.1624,-0.0672,9.8007,0.21983189266398553,0.13460005787746046,9.798886175984146,-0.0247,0.0018,0.0143,0.014975760132819413,-0.02006336387372576,0.013820566184818745
30048,-0.0475,-0.0138,9.7041,0.31193596995398404,-0.05978654648237862,9.699027187487484,-0.0143,0.0073,0.0064,0.003842789608240128,-0.015652441647648813,0.006242919125035405
1816,0.227,-0.0489,9.9015,0.1669645516820252,0.1717465942552779,9.901325765534118,0.0284,-0.0159,0.0101,-0.0059256050504744055,0.031915562617359686,0.010376129740104078
223,-0.2734,-0.0142,9.6625,0.4569576961748302,-0.23181023436808026,9.65278780765906,-0.021,0.0006,0.0101,0.013384911640733481,-0.016449951148452237,0.009675394272059202
2222,0.0269,0.2431,10.0292,0.07693871150314806,-0.17006439508292825,10.030445453217252,0.0089,0.0128,-0.0241,-0.016186416786164046,-0.0013961798844393345,-0.023662430361658333
4222,-0.1697,0.1323,9.5204,0.2742439796119928,-0.24683520643357185,9.51568092125915,0.0058,-0.0256,-0.0058,0.015626371844112873,0.020985936310980467,-0.006168221987783908
6223,0.038,-0.1108,10.0657,0.3408257157675922,0.0669330389765557,10.060387594471871,-0.0027,-0.0275,0.0131,0.023092374447733162,0.01566255083088763,0.012513062367215753
8222,-0.1406,-0.0352,9.8297,0.3918891405038536,-0.11744025705070235,9.822252472178638,0.0052,0.0122,-0.0052,-0.012812000617384911,-0.0038958030549809345,-0.004857505149394274
10222,0.1393,-0.2548,9.8397,0.3789815871916712,0.2380426334931981,9.83380576087013,0.0034,-0.0147,0.0168,0.009489670771360398,0.012036278906092048,0.016582042780146
12223,-0.0696,-0.0187,9.9454,0.33667808524519205,-0.07429571368498727,9.939683423371239,0.0046,0.0043,0.004,-0.006139932042360306,0.0007194987740367651,0.0041753510598093275
14222,-0.0064,-0.1535,9.5723,0.3883136041916907,0.06228147428599185,9.565451758089289,-0.0131,-0.0067,0.04,0.014687709492444991,-0.005803771302849054,0.03958645583130419
16223,-0.0158,-0.1216,9.6677,0.3727046032510698,0.0341778998102527,9.661231079892815,-0.007,0.011,-0.0101,-0.004154799946397542,-0.012415938829956575,-0.010029561341553927
18222,0.021,-0.1275,9.6091,0.35180766208544373,0.0662737993751187,9.60329852248989,-0.0021,-0.0128,0.0021,0.011181478037685157,0.006659932428924367,0.0018110341913998124
20222,0.243,0.4591,9.881,-0.2315592180207372,-0.14418062739381568,9.890883609472588,0.0077,-0.0458,-0.007,0.029779173897206784,0.035490939167048784,-0.007715178617835045
22221,0.1454,-0.4204,9.7719,0.49950883085206155,0.3499158758966718,9.762989303910732,-0.0314,-0.0177,0.0296,0.034608303374052046,-0.012629852643981573,0.028603534619882704
24223,0.0657,0.3185,9.7938,-0.012216664512455469,-0.18837700450988484,9.79737952027209,0.004,-0.011,0.0192,0.006345957779884338,0.010095720937848092,0.019064240043610334
26222,0.1378,-0.9644,9.7225,0.9181272066883744,0.695747067377111,9.703043040975928,0.0064,-0.0183,0.0082,0.010059373520314694,0.016680708298366518,0.007978281008824707
28222,-0.4754,1.2658,9.7759,-0.3861146692626179,-1.2133493709628937,9.786479332942516,0.0064,-0.3268,-0.095,0.24257524785250423,0.21634105694806202,-0.10108409169763327
30222,-0.4524,0.4212,10.2712,0.25730701206326484,-0.6517723617505282,10.26589568835646,0.0681,-0.1564,0.0088,0.07560730831623078,0.15299552708603442,0.0072050616569817065
32223,0.0712,-0.4575,9.3662,0.5644141067400574,0.3186077783738263,9.35521282815598,-0.007,-0.0928,0.1384,0.07919077506661415,0.05415049415193497,0.1364256045565009
34223,0.0628,0.9408,9.8572,-0.4834092995971442,-0.5928572365639732,9.872602469298243,0.0174,-0.0458,-0.0101,0.023428819147497417,0.042904960179748014,-0.010614366097003222
36222,-0.1027,0.0177,9.5155,0.31828471917286516,-0.1216395506254863,9.509968597247079,0.0077,-0.0861,-0.0321,0.059829059226065864,0.06161183741190471,-0.03357640528567135
38223,0.2989,1.2557,9.8087,-0.8775046681873501,-0.6159387486272958,9.835005226841941,0.0101,-0.069,-0.1262,0.04260613263100386,0.05271036427048966,-0.1272626629948616
40223,0.7468,-0.3322,10.2599,0.05746426300480961,0.7503266647866462,10.26485882148221,-0.0559,0.0849,-0.0217,-0.029288761829584835,-0.09744595187245869,-0.02121708525530994
42222,0.0436,0.1773,10.0098,0.11582072146981953,-0.11474104897575453,10.010137657554075,-0.0253,0.1179,0.0058,-0.07346180966049434,-0.09550263840267437,0.0075331389721482985
44222,-0.2073,-0.3475,9.7785,0.6718274369470775,0.03359164620428344,9.763724427475408,-0.0149,0.0648,-0.0364,-0.04083809841573238,-0.053116815747506915,-0.03545227116569877
46222,0.048,0.3199,9.8405,-0.0005520890153944714,-0.20294742792886683,9.843723673281447,0.0126,0.0226,0.0266,-0.024638961954414843,-0.00507320102835074,0.027281206000596282
48222,-0.0987,-0.1956,9.5406,0.479156428129971,0.019138164773304024,9.531059516526014,-0.0253,-0.0226,0.0046,0.03371055137664079,-0.004724567821901292,0.003645158578455448
50222,-0.108,-0.1058,9.7632,0.4228520878314972,-0.046722356687486165,9.755098585701733,0.0077,-0.0202,0.0241,0.011113235288113353,0.018847335809236393,0.02386239601671696
52222,-0.0045,0.2749,9.9126,0.06969818420559165,-0.21418629745161158,9.913853888498618,-0.0076,-0.0208,0.0315,0.021657627324014904,0.0075323087919969105,0.030933178427815438
54222,-0.0327,-0.3484,10.1622,0.570469293500483,0.16615594731951133,10.150848307532817,-0.0229,0.0141,-0.0223,0.003407017486542463,-0.026513878982746972,-0.022492586971446873
56222,-0.1384,0.522,9.4636,-0.044906084474921275,-0.4745320105565712,9.467004252891241,0.004,0.124,0.0052,-0.09705379485189915,-0.07707809280473739,0.00765297974050045
58222,0.0636,0.002,9.8579,0.23242701822295786,0.01428972262372263,9.855354804845154,0.0248,0.0092,0.0211,-0.02244605900272727,0.012914458137052134,0.02177799871712923
60221,-0.7609,0.0083,10.1222,0.7674223963871598,-0.6199750342472456,10.102705974620207,0.0113,0.0739,0.0596,-0.06202229913175105,-0.03931962262261658,0.061223048553988337
62222,-0.2338,0.0423,9.558,0.38535894663631914,-0.2377390333717689,9.55022500382848,0.0413,-0.0134,0.0205,-0.015873334328085187,0.04011169025222771,0.02108529309183359
64222,0.1681,0.1646,9.7781,0.038649990727752465,-0.010734817181201655,9.780847853973508,0.0138,-0.1063,-0.0559,0.07063915833160282,0.07939811401492917,-0.05762801916189492
66223,0.1037,0.0123,9.7979,0.19699891158118846,0.03844259773981758,9.796400686923787,0.0022,-0.088,0.0046,0.06585438120514155,0.05851872479589656,0.0029595796778798104
68222,-0.0248,0.8363,10.1134,-0.3399563595995307,-0.5930605424123816,10.124899248503521,-0.0009,-0.0794,0.0027,0.06124116278663278,0.05060268418234773,0.0011611039832234383
70223,-0.314,-0.2149,10.175,0.6506139618590474,-0.13484437144016848,10.160409694983437,0.015,-0.1552,0.0027,0.10881132568493486,0.11171133915823885,3.783882409334184e-05
72222,-0.4828,0.7419,9.879,0.021292197926342505,-0.8808616201802156,9.879361586602405,0.0187,-0.2278,-0.0871,0.1593127468459308,0.16174099059938452,-0.09103976862728595
74222,0.0472,0.0887,10.1798,0.18584331608563662,-0.05531915300032124,10.178449259466305,-0.0143,-0.2138,-0.1659,0.16774195868000388,0.12777167649674226,-0.1702197807252407
76223,0.8114,-0.0131,9.5929,-0.24634345273450017,0.5957000049957539,9.605557334205136,-0.0436,-0.1637,-0.0107,0.1527647595845163,0.07252057449850255,-0.014725279174372554
78222,1.1964,0.3281,10.0986,-0.7411986399248242,0.6674234845577738,10.125508317374809,-0.0131,0.1069,-0.015,-0.07352703218609093,-0.07901440980667249,-0.013218103775009513
80222,0.2252,-0.0356,10.7726,0.18228123637586832,0.15886719241859393,10.772299293999374,-0.0259,0.2279,-0.0028,-0.1572476809233427,-0.1670004984581843,0.0010290283199399712
82223,-0.8419,1.1835,9.477,-0.0949852640941739,-1.4389137266707608,9.478581386331841,0.0565,0.1216,-0.0431,-0.1304724130578339,-0.035294672243529925,-0.03959362672641873
84223,-0.4118,-0.5511,9.5553,0.953011364363879,0.00979220199487174,9.532508863870428,0.0022,-0.0318,0.2953,0.031082221012562517,0.021237093365332114,0.2946201868362725
86223,0.9706,2.0946,8.8594,-1.9778523434177038,-0.6420759494659489,8.915953296969088,-0.1023,-0.0177,0.1329,0.08327460607811808,-0.06709063452207482,0.1304039011415094
88223,-1.592,1.269,9.5363,0.32581430036798126,-2.0668756606459153,9.524059843885155,0.0394,-0.149,-0.1909,0.08292279491797089,0.12697661641058514,-0.1928650295265019
90222,0.1171,-2.365,9.9572,2.006743335023523,1.5840605869887399,9.9104241021052,0.0614,-0.0189,-0.0211,-0.025817022547870876,0.05914581590364687,-0.020189943876489997
92222,-1.137,-0.1249,9.8415,1.1040971240647137,-0.8200421680850443,9.811829344629123,-0.0931,0.0073,-0.0761,0.05242699997499585,-0.07552174889831803,-0.0778459081005305
94222,0.5344,0.8262,9.8392,-0.701008385270834,-0.15880138100646443,9.862120424405486,0.0162,0.1081,0.0162,-0.09249298479706049,-0.05753040761696175,0.018595420644804836
96222,0.5711,0.0223,11.2319,-0.07245260205790408,0.3839363147030119,11.239643151087686,0.0523,0.099,0.1585,-0.10489133027270438,-0.02457308619939722,0.16140790867358445
98222,-0.1431,-1.2261,9.9276,1.3049283131808043,0.6497393686087801,9.897274620242044,-0.0553,0.1613,0.1121,-0.0842389204569161,-0.14679579147943297,0.11400434011407197
100222,-0.1844,-0.1038,10.9853,0.5047571629785002,-0.11041415571128019,10.975182327332348,-0.043,0.1136,-0.1787,-0.06389815627709032,-0.10561735407304951,-0.1773404943242669
102222,-0.4144,-0.8776,9.996,1.2161149167120457,0.2172788540620357,9.966733821669221,0.1353,0.0141,0.3082,-0.08953161077648401,0.0931293143353425,0.3111320702616125
104222,0.2273,-0.1909,10.1241,0.28133147834464906,0.26297444605021736,10.121126894648,0.0119,-0.0067,0.0657,-0.000739282888919116,0.013191882686084138,0.06579071247167885
106222,-0.4534,-0.0576,10.3444,0.6253341510027648,-0.3434378983573988,10.329884418700635,-0.0351,-0.0385,-0.0321,0.05114730170443654,-0.0018091852416750032,-0.03354624266661703
108222,-0.3916,-0.2076,10.0889,0.6927526995711029,-0.19850209983349779,10.072886665292085,0.0009,0.0208,-0.1286,-0.02004000935703516,-0.012321502542588859,-0.12813270144239067
110222,-0.2175,0.8439,10.1545,-0.22017087140157815,-0.7451890353871975,10.162163424113022,0.1048,-0.1014,0.1341,0.01343694794401527,0.1450540041237604,0.13426315475329756
112222,0.1654,-1.0591,11.2078,1.0140013249531388,0.7730304225278086,11.186512439088151,-0.0125,-0.0928,-0.3204,0.06994249237477779,0.05148662609849125,-0.3223064202718437
114222,-0.3196,-0.0442,9.754,0.5122354567021131,-0.24799659207258373,9.742727016616612,0.0083,-0.0849,0.0974,0.062138858516514295,0.06086149430992083,0.09590777294449508
116222,-0.251,0.1176,9.0302,0.3242848101034761,-0.2977520964871161,9.023720339162649,-0.0491,-0.0654,-0.1017,0.07877171238735318,0.0051173636695835785,-0.10392155804783106
118222,-0.5994,-1.7297,10.1961,1.99134161509797,0.6259297077925411,10.146643379013613,-0.1029,-0.0586,-0.3797,0.10056910998597741,-0.03941000247928315,-0.38278867683559653
120222,-0.6557,1.0758,8.4796,-0.16087352713644515,-1.2238764052977786,8.483345629273355,-0.0363,-0.1044,-0.2361,0.09651459738090636,0.0405335963061545,-0.2387513807706535
122222,-0.0655,-0.0997,10.7577,0.4184981523387134,-0.021550030665704985,10.750197144998237,-0.0418,-0.0024,0.1457,0.03288887956067919,-0.030840998271340504,0.14473646805733442
124222,0.1551,0.4346,9.8795,-0.15614453692659738,-0.19543754206332375,9.88710675366521,-0.0033,-0.0116,-0.1524,0.0067303908795118324,0.005485320592112838,-0.15262969542220237
126222,0.8977,-0.1049,10.5151,-0.20629801861569289,0.7177961241970305,10.527412366863713,0.0254,-0.1301,-0.0516,0.08142844634354114,0.10361426556501536,-0.05354644439183175
128223,-0.0211,1.3985,9.7357,-0.7818590043343606,-0.9521990075476934,9.758182147880271,0.0712,-0.124,0.0082,0.04886651342958212,0.13443069996563717,0.0072890555173158655
130222,-0.8387,0.8112,9.6258,0.19117604276388875,-1.1964337212045677,9.620264555393904,0.0003,0.0532,0.1329,-0.03707922306731343,-0.034586783358687534,0.1338716780655086
132222,1.5477,0.136,9.235,-0.84556915615052,1.06255726203816,9.2658018682532,-0.0571,-0.0873,-0.2459,0.09662516172155738,0.013642538463650275,-0.24864828839339317
134222,0.0629,-0.3408,9.7409,0.49118188053891065,0.23562242925963364,9.731827150123566,0.04,-0.0611,-0.0193,0.02025235501602292,0.07007048053243198,-0.019638476987555626
136223,-0.2026,0.411,10.4452,0.10863355639874937,-0.45510094620380553,10.44477173365578,-0.0082,-0.0061,0.0968,0.012650319474935532,-0.0026413486529141663,0.09647633402682841
138222,0.4325,0.0542,10.2775,-0.03391759753152731,0.2607292973516974,10.283378518635034,-0.0913,0.022,-0.0993,0.03940082686617971,-0.08356765823117458,-0.10071842808797955
140222,-0.9359,0.3093,8.4181,0.6032157241724431,-0.9423178635146935,8.401437571022289,-0.175,0.0141,-0.1005,0.09944537437930703,-0.14234477597246878,-0.10379134312011302
142222,0.3907,0.1393,9.3233,-0.09847978977635503,0.17703412742889488,9.330323554698005,0.0455,0.0464,-0.0254,-0.06549532589465379,0.004835365168284627,-0.023565897490829227
144222,0.8898,-0.1783,9.5212,-0.1729186488002539,0.7625118047194556,9.532337726060675,0.0614,-0.0177,0.0406,-0.025011304824054243,0.05816421631807462,0.041508657543733715
146222,1.6861,1.4336,10.4867,-1.890130264957994,0.3256559108898509,10.544684861593694,0.0791,-0.0458,-0.1109,-0.01922674789652229,0.09033535898593255,-0.11010502017587423
148222,-0.6875,-1.6759,8.5178,1.9603594537124038,0.5295388626365922,8.468222707187012,0.0407,-0.0055,-0.0113,-0.022401003783196212,0.03465603946470656,-0.01056333152912557
150222,-0.9077,-0.6185,8.7594,1.3024672128543258,-0.3225032090418971,8.725429700721428,-0.1347,0.0745,-0.1414,0.02619313510507345,-0.15047165563711895,-0.1426902281474322
152222,-0.1221,-0.5108,9.8553,0.7435542856089771,0.20386955126314427,9.839122462471574,0.0217,0.022,-0.0742,-0.03286975329071283,0.0025971867962740376,-0.07330323407873511
154221,0.5528,-0.5514,10.3735,0.3531673054523766,0.7434941628842148,10.370227827075869,0.0413,0.0477,-0.1933,-0.06845928088054061,0.0013511603989172754,-0.19146115143559872
156222,1.0092,0.4139,8.4709,-0.7311913308300079,0.4745495212610346,8.496240888913348,-0.0632,-0.0892,-0.3149,0.10008903833404183,0.010444894886808468,-0.31778291651755575
158222,-1.2344,-0.6765,10.5828,1.6085633166402578,-0.5404856863403693,10.540277733786777,0.0681,-0.1002,-0.0907,0.02994904377683998,0.11701860011401585,-0.09118027196526528
160222,-0.5196,-2.0728,10.8606,2.2201446328416465,0.9062858599235304,10.805957810491323,0.04,-0.1435,-0.1909,0.07833866925612092,0.12388114160713738,-0.19274744186289608
162222,1.0855,-0.2035,10.2719,-0.2591218175224959,0.9256535464236978,10.286285885145142,-0.0339,-0.0672,0.1432,0.07716203289031981,0.017063042432442305,0.1411600647740066
164223,0.46,0.7275,9.7604,-0.5798511433273555,-0.15155673237536102,9.77993205622323,0.0889,-0.091,0.0027,0.012103105209022759,0.12663825623434968,0.002786876614391804
166222,-0.0971,0.44,11.0151,0.034277533734589825,-0.39521849721758623,11.017172420280428,-0.0424,-0.0928,0.0693,0.10012286063060163,0.02736201590779237,0.0666244912803173
168222,0.2901,0.7638,9.4324,-0.5069854014843703,-0.3035911244453863,9.44926026813686,0.0223,-0.0232,0.1805,0.00833760652169585,0.03140626673917286,0.1804436529405415
170223,1.2116,0.5362,8.3457,-0.9587046872146426,0.550437249555206,8.377595130523295,-0.029,-0.0458,0.4193,0.06537180310413242,0.006053758684312924,0.4176613647155464
172222,-0.1208,0.7797,8.9474,-0.26730586441904297,-0.6258670477648265,8.956301264740155,-0.0925,0.0202,-0.2954,0.03607824307829142,-0.08266493680691346,-0.29680013785660264
174222,0.2172,-2.3799,10.2732,1.9622879698544742,1.669033229145594,10.228073900320753,0.0419,0.0006,-0.0296,-0.028340951454639433,0.03169206488467753,-0.02871469200998545
176222,-0.2908,-0.977,11.5725,1.2561267233274878,0.37056712793330665,11.543252587646991,-0.1133,-0.1442,-0.0296,0.18236781738996505,0.006785771873965858,-0.034678843484818936
178222,-0.1865,-0.5603,10.965,0.8538705127283931,0.1829857969376259,10.946112048085407,0.0242,-0.0244,0.2587,0.010207984939962627,0.033370285886945204,0.2586289107084274
180223,-0.7999,0.7696,10.1579,0.2127075949050487,-1.1417213974821847,10.15215681329593,0.0132,0.0214,0.266,-0.017431812503933903,-0.004640425815619529,0.26657606961205604
182222,0.5355,-1.0116,10.5233,0.7196649986915291,1.027114241896337,10.510806832244247,0.029,-0.0024,-0.3491,-0.026635219941288233,0.024852508504642174,-0.34841138359159235
184222,-0.2036,0.0688,10.5571,0.37351035904660823,-0.23515023448909633,10.55005901246965,0.117,-0.014,0.0993,-0.06210109676197171,0.09801489960900509,0.10140031417310238
186223,-1.7553,0.9125,7.7745,0.6541352886490523,-1.9552986279162112,7.752773762165382,-0.0449,-0.0189,-0.3919,0.03248235941454768,-0.02074925327622332,-0.39303078805841507
188222,-1.5326,0.6512,9.3319,0.7531541485615074,-1.6217069379845168,9.309141223727165,0.1622,-0.1234,0.1304,-0.006946201497316378,0.20309143010415137,0.13132471821531652
190222,0.1638,0.0777,10.4417,0.12624777231141926,0.03990852251998149,10.442434549976515,-0.04,-0.0183,-0.0034,0.03969899505525828,-0.018695929726492613,-0.004571872043982148
192222,-1.152,-0.9604,8.831,1.7231041062906385,-0.28831357136582947,8.78543245600611,0.0242,-0.0898,0.3302,0.062104967768490324,0.0753847600297071,0.32884925819560884
194222,-0.0973,0.3952,9.8222,0.035310013528168205,-0.36243814642159267,9.823882043469698,-0.0467,-0.0177,-0.1292,0.04005809947550296,-0.02377680704612285,-0.13044858274795115
196223,-0.588,1.3857,8.7608,-0.43320958946347227,-1.37336350290291,8.771757517477496,0.0211,-0.0556,0.3833,0.03949259160682558,0.050745202074339614,0.38251892090961337
198222,-0.5107,-0.5407,9.8699,1.0177184282518923,-0.07346569528165278,9.845148675723745,-0.0235,0.0196,-0.0553,-0.0013228563778102387,-0.030414928458770734,-0.05538666157945991
200223,-0.3642,0.5501,10.4545,0.10711017689630385,-0.6683449661935215,10.45340462261997,-0.0333,-0.0238,-0.0571,0.03807091078981758,-0.009849075948121028,-0.058218051975965496
202222,0.5151,0.4707,9.6829,-0.4216483234442771,0.0566712314396631,9.698682556622847,-0.0082,-0.0079,0.0394,0.012422385041415693,-0.0012864796736277643,0.03906455393247306
204222,0.3663,0.359,11.0217,-0.20297785065248616,0.0107880988599267,11.031754871238768,-0.021,0.0489,-0.0541,-0.025260581924766302,-0.047440888296021146,-0.05357504228837788
206222,-0.2843,-0.0676,10.1272,0.5177068891525268,-0.20718301195465028,10.116058250380307,-0.0259,0.0623,-0.1023,-0.03366569480374455,-0.05967716848650016,-0.10160042727328837
208222,-1.3387,-0.1628,9.5382,1.2548040142074228,-0.948491887269076,9.503773673186451,0.004,0.0672,-0.0871,-0.056288697976619,-0.04007220052839257,-0.08569744088053703
210222,0.0469,0.532,10.2593,-0.1499965949840844,-0.3422206449816469,10.266394201811403,-0.1359,0.0605,0.0131,0.041960840753465886,-0.142859068679763,0.011456191939488054
212223,-0.3628,0.4486,8.4615,0.128051477856189,-0.5950354517975356,8.459278114927558,-0.0675,-0.0397,-0.3589,0.06386822954192758,-0.024670911965845158,-0.36090684398896994
214222,0.2998,1.0952,9.9918,-0.7505111277565358,-0.5121684072840027,10.014980301330983,-0.0229,-0.0373,-0.1182,0.0399513119623065,0.007015225535165518,-0.1193382577482611
216222,-2.3102,-0.6411,7.9236,2.2020718078106643,-1.3755841896513477,7.86066920455657,-0.0302,0.1216,0.2208,-0.0671225637793541,-0.10235201207548379,0.2224182284757495
218223,-0.005,-1.6112,10.8071,1.5341290789432824,1.0010101948446128,10.771900088216364,0.0993,-0.0482,0.3424,-0.01779330111145973,0.1057881791010499,0.34338572168052195
220222,0.1974,-0.8121,9.5932,0.7598230155974627,0.6432721209356561,9.577934675462917,0.0223,-0.0238,0.1481,0.007891504549235108,0.03190224923803471,0.1480449642032385
222222,-0.2205,0.0173,9.9693,0.4073208841882646,-0.2128109177910257,9.961157903938368,0.0156,-0.0195,0.1359,0.00859669621065259,0.024051038506859912,0.1357942009638995
224222,1.0082,0.3776,10.7099,-0.6403821793399751,0.4897524122987408,10.733641711120306,0.0339,0.0892,0.1316,-0.08628212737739085,-0.03219561759177596,0.133952406283468
226222,-0.2529,1.0683,9.0215,-0.4001444299094379,-0.913400232633343,9.033176233800873,0.04,0.2456,-0.0981,-0.21596764186248185,-0.127818376443116,-0.09253868965804578
228222,-0.1273,0.0294,9.4677,0.32390938326343893,-0.14781512472894975,9.46190517500192,-0.084,0.0605,-0.3485,-0.0016422838829457732,-0.10203661972726695,-0.348933138968423
230222,2.1284,1.3085,10.2511,-2.086867543553561,0.7448595584230964,10.315884932328387,0.0205,0.1735,0.3204,-0.13668516206443307,-0.0975190699437633,0.3240152162548155
232221,0.135,1.1009,9.2183,-0.6700189218930901,-0.639050537254056,9.238503816298767,0.0565,-0.0134,0.0681,-0.024360898912698034,0.05155413567288779,0.06897925695925951
234222,0.5525,-0.6731,9.6927,0.42722840214446195,0.8241693405950907,9.68736173052229,-0.0827,0.1643,-0.0211,-0.07255031655207277,-0.16920206815530547,-0.01964945127554238
236222,-0.6845,-0.1269,10.0342,0.8187930428758263,-0.47401762061929326,10.013725696932898,0.0028,0.0312,0.0058,-0.025452877731621262,-0.018039911273214963,0.00645233227610588
238222,-0.2502,-0.3756,9.741,0.7199254892215132,0.019127843282651172,9.724818825951218,-0.0498,-0.0275,-0.1543,0.0488373976521194,-0.01972742606610991,-0.15578998084701598
240222,0.6888,-0.9514,9.8888,0.5570338096320628,1.1073501586448402,9.880863590101152,-0.0015,-0.0055,0.131,0.00882004965096712,0.001970515430439263,0.13081217223592104
242222,-0.2004,-0.2687,9.9788,0.612832987383008,-0.012722577282600095,9.96559515070282,0.0211,-0.0287,0.0321,0.009169008868187665,0.03453998577496968,0.03197231105305254
244222,-0.0781,-0.8095,10.2743,0.9547477764375508,0.42903585061565974,10.253146786460654,0.0144,-0.0379,-0.0296,0.0187941278398037,0.03557634979821742,-0.03001722975857556
246223,-0.1347,-1.2014,10.1088,1.285712328404188,0.6395867626145482,10.079048550395669,-0.0748,-0.0495,0.2538,0.09315356073826551,-0.02595983749264852,0.2512135211762041
248223,-0.6533,1.8169,9.1366,-0.7095760412558914,-1.7030503004833124,9.154316492742673,-0.0204,-0.1258,-0.1298,0.10554152046591044,0.06614013636084272,-0.13257567657753824
250222,-0.0827,-2.0385,10.1787,1.8928161070205272,1.219875224030437,10.133973082634434,-0.0033,-0.0403,0.0907,0.03541157098785042,0.023214930514665322,0.08982515177316965
252223,0.617,0.052,9.5574,-0.1714714957520366,0.4053805645399727,9.567317030723393,0.0187,-0.0397,0.0321,0.01911217176243663,0.03981501922509633,0.031712444355711335
254222,-0.1866,0.1476,10.0192,0.2873988569617271,-0.27128719142526386,10.014229011714459,-0.0381,-0.0299,-0.1659,0.042789658107608555,-0.00920786794018932,-0.16719058383516966
256222,-0.3484,-0.0737,9.1399,0.5362101041384042,-0.2488659033039119,9.12771240370907,0.0199,-0.0409,0.1603,0.022829520980268712,0.04107756988112815,0.1598635577660054
258222,0.1099,-0.9276,9.2519,0.8949351977355778,0.652249856797466,9.232758933972567,-0.0015,-0.0947,0.2508,0.08022467870414257,0.05920016296226532,0.24885803911723198
260222,0.0648,0.0787,9.4724,0.16237265757024288,-0.03305960879717023,9.471499347003178,-0.0693,0.0208,0.0333,0.02980913016423583,-0.06644393972237594,0.03225893185809255
262223,-0.4916,-0.5594,8.8788,0.9920026148170232,-0.04349176874626429,8.854475164563208,0.048,0.0532,0.2141,-0.06561657697930932,0.0015493769481312487,0.21602110054939985
264222,-0.3344,-0.0193,9.6558,0.5000535700336098,-0.2750519016060047,9.644737720296158,0.0468,-0.0562,-0.0522,0.011204468210041521,0.07220489354515448,-0.05229180857166648
266223,-0.4433,0.1335,9.6839,0.4545696313269436,-0.4569860765227583,9.673509697495028,0.0462,-0.0128,0.029,-0.01925823546797037,0.04343561271084472,0.029694241149723532
268222,0.4182,0.7906,9.4129,-0.61070046563223,-0.22306678223931234,9.432916586370022,0.0144,-0.0098,0.0302,-0.000978692971169949,0.017221586021501572,0.030296850771456958
270222,-0.6534,-0.5826,10.1099,1.148535030774027,-0.15611517733964136,10.081315950684994,-0.0015,0.011,-0.2239,-0.013671237356215714,-0.007503110707784071,-0.22363197979629038
272223,1.1508,0.2889,10.0099,-0.6843158113621176,0.6582415404022206,10.035154977663979,-0.0375,0.1955,0.0266,-0.1242144441857934,-0.1550197088041343,0.029558766404911875
274222,-0.1718,0.2628,9.7877,0.18348188831433654,-0.333645096835168,9.785329280790686,-0.0076,0.4411,0.0809,-0.3294081394381821,-0.29105662326947784,0.08915208696909249
276222,-0.1425,0.8892,10.1222,-0.3040692743524909,-0.7171036400540731,10.132286198674887,-0.0058,0.2218,0.0498,-0.16410548544079068,-0.14789370036544278,0.05390511825457215
278222,-0.1447,-0.6798,9.9596,0.8900105162233114,0.2954583522917702,9.939682462842763,0.004,-0.0354,0.0938,0.027045160476863384,0.025610602731164545,0.09316789469793438
280223,-0.2718,0.2236,10.1582,0.28830516164451836,-0.38588399190185596,10.152875297087432,0.0119,0.0073,0.0186,-0.012735747887194157,0.004304268196132034,0.018977197221294043
282222,-0.3307,-0.2498,9.8641,0.6793541948132217,-0.12400317392819561,9.848621015125513,-0.0265,0.0079,-0.0009,0.011059577608853578,-0.02532749425782822,-0.00129374666698277
284222,-0.0551,0.3632,9.9932,0.03724663655459879,-0.3101256791656837,9.995070525266975,-0.0241,-0.0092,-0.0345,0.02162018358781934,-0.012335368382325396,-0.03515830481424928
286222,0.1047,0.0853,9.7828,0.14023062562048436,-0.007907394730485974,9.782724072944001,-0.0137,0.0122,0.0034,-0.00036721386462450103,-0.018350238183606416,0.0033502103090286253
288222,0.2187,-0.2533,9.7814,0.32493722634464506,0.297871571096126,9.777191226958855,-0.0326,-0.014,0.0418,0.03290036579221487,-0.01597705292450264,0.04084482558071613
290222,0.0845,0.1998,10.0797,0.07419108194932343,-0.0982940675050486,10.081282159119846,-0.0326,0.0678,-0.0571,-0.03227475017681718,-0.06849560097348875,-0.056450891361385584
292222,0.1092,-0.3603,10.5477,0.49867104791030287,0.2808623803000432,10.538888153119013,-0.0534,0.0049,0.0712,0.032731106752157214,-0.04416212474592031,0.07016688379757106
294222,0.3129,0.0351,10.1232,0.053584363692998904,0.18229902037158607,10.126313056295738,0.0229,-0.0153,0.0137,-0.002731309939175845,0.027317929089209065,0.013873020547255874
296222,0.2273,0.0772,10.3047,0.08180141748264431,0.08915687617869116,10.306785658026486,0.015,-0.0366,0.0541,0.01974985987171531,0.034914539430988954,0.05368694477155805
298222,-0.0799,0.1565,9.7916,0.205355565699935,-0.19483605842795224,9.789084647995606,0.0144,0.0006,-0.0461,-0.011042891182750463,0.010757490367488935,-0.045774021359533075
300222,0.1267,0.0895,9.8267,0.12404394025579098,0.00602408330184408,9.827139782015607,-0.0033,0.0165,-0.0357,-0.011454989292472602,-0.013059698652802036,-0.03543808021657169
302221,0.0154,0.1119,9.7841,0.17763660849258306,-0.09325686242305672,9.782695098694042,-0.0009,-0.0232,0.0492,0.019656120273470877,0.014137579734809695,0.0487181264705956
515,0.2022,-0.2411,10.0622,0.33411726132780317,0.2764566580099054,10.057774300679192,-0.0339,0.0067,0.0046,0.016907279320061207,-0.030218739691656085,0.0040288564812391995
2514,-0.0009,-0.1427,9.7745,0.3821623261027038,0.05882568094856105,9.767891751005127,-0.0217,0.0153,-0.0076,0.002126580932736398,-0.026422409388609232,-0.00775073758624494
4514,0.1933,-0.2196,10.0311,0.3225917059905827,0.2558769094957504,10.02691485241726,0.0376,0.0018,0.0088,-0.025408508867025375,0.027506340179219844,0.00960463133379817
6514,0.2398,-0.172,9.8928,0.2523852110147476,0.2610777453042567,9.890537068264186,-0.0302,0.011,0.007,0.011303892906010153,-0.030180828145053237,0.006586320727318525
8514,-0.1487,-0.0636,9.7815,0.41744514954164624,-0.10511289042397401,9.773361404503136,0.0089,-0.0134,0.0186,0.00499627039283514,0.015388307014014573,0.018519376258552073
10514,0.1385,-0.2844,9.8905,0.4035011672250926,0.2563860934013035,9.884002849847823,0.0236,0.0067,-0.0101,-0.02063401218280196,0.013718061602534725,-0.009482211495563388
12514,0.0202,0.067,9.7588,0.20809120986163618,-0.06049966876823455,9.756644695907086,0.0016,-0.0794,0.0357,0.060547423454374076,0.05240050135808996,0.03419951523914933
14515,-0.1556,-0.1529,9.7337,0.48870598751828076,-0.05252475193054415,9.723729554543272,0.029,-0.1246,0.0779,0.07851993389502167,0.10237557442006655,0.07608174235597252
16514,-0.4823,-0.2357,9.8306,0.765558011893928,-0.24871161149339752,9.812284700704739,-0.0217,0.1423,0.0034,-0.0944714550808072,-0.1085111855183728,0.005675052339956165
18514,0.104,0.2465,9.5453,0.01105611795410512,-0.11179544221018439,9.548387986388429,-0.043,0.0226,-0.0773,0.008366590801626444,-0.04716324113416485,-0.077721805562824
20514,0.2366,-0.1227,9.481,0.20534550114125014,0.22816054999968036,9.479777162792907,-0.0094,-0.0702,0.018,0.06013708693683147,0.038119862320832906,0.016456207142025232
22514,0.4763,0.6063,10.4477,-0.47872284984961144,-0.06310891095553518,10.464976936237141,-0.0186,0.1094,-0.0797,-0.07368798250183463,-0.08461121944035405,-0.07795789036229252
24514,-0.2015,-0.0148,9.6678,0.4111332599774003,-0.17656166559597478,9.659553658757359,-0.0131,0.0318,-0.0083,-0.016036490765959026,-0.030516301666991787,-0.00795778045654297
26514,0.1128,0.0457,10.0112,0.17158807721138003,0.02309605925902724,10.01044282029234,0.0028,0.0238,0.0229,-0.019329380015283826,-0.013316105801286176,0.023403982535749674
28515,-0.3858,0.1106,9.712,0.4356958149552345,-0.3983971824273467,9.702343541843444,-0.0174,0.3115,0.0223,-0.225825760602206,-0.21460886521986683,0.027893693587556483
30516,0.1126,-0.1563,9.8533,0.32144425072297456,0.15397927241879517,9.848735796478019,-0.0888,0.3164,0.0369,-0.18305005129650237,-0.2723204799535218,0.041112553711235525
32515,0.2043,-0.9089,9.6659,0.8312569052733482,0.7108359719239641,9.64889568852,-0.0632,0.1949,0.0571,-0.10630969003066419,-0.1743499148856383,0.05950643657259643
34515,0.1011,0.0383,9.8354,0.17988528788536787,0.01953467833278701,9.834329890696331,0.0193,0.0012,0.015,-0.012960316441953182,0.013905535187665375,0.015414159104973077
36514,0.0316,0.2348,9.3952,0.06254897038936615,-0.15899470957517622,9.396633657990398,-0.0143,0.1741,0.0797,-0.1213857816375792,-0.12366346161519177,0.08270568091906606
38514,0.0715,0.8829,9.8487,-0.4450850597850978,-0.5487804660709109,9.863176926701142,-0.0595,0.3794,-0.0009,-0.25109632859155534,-0.2905334277690854,0.005135857932269574
40514,0.4309,0.4174,9.4235,-0.33384275911077854,0.027707793730916468,9.436632571649552,-0.0027,0.0703,-0.0186,-0.05241643762439489,-0.04741795189669356,-0.017303028074279424
42514,0.3221,-0.2896,9.8468,0.2876882808119059,0.4000269935315475,9.843998381655663,0.0132,0.0593,-0.051,-0.05519459668546915,-0.02806686178045347,-0.04957355917133391
44514,0.5328,-0.0915,10.1572,0.009130087193846684,0.43182053508665413,10.162401846955344,0.0022,-0.0873,0.0614,0.06690491034537555,0.05787654860178009,0.05975054826922715
46514,-0.1584,0.6511,9.9841,-0.11597686358764765,-0.5749464268902783,9.989357541898265,0.0003,0.0134,0.0528,-0.008945286136865616,-0.00860502199307084,0.0530417340144515
48514,0.2697,-0.6476,10.0603,0.600647533223778,0.5906142887253779,10.049485601449758,0.0113,0.0177,0.0852,-0.01842575450837612,-0.0030955975996330384,0.08573755946047604
50514,-0.7459,0.5665,9.7339,0.3209790641643107,-0.9678688643943053,9.725549029882625,0.0034,0.0116,-0.04,-0.012162692308425902,-0.004765669956058264,-0.03969228337109089
52515,0.0509,-0.0193,9.916,0.25850164273977283,0.018163485178723935,9.912762975254283,-0.0198,-0.0208,-0.0119,0.028325087862461806,-0.0016343896983657053,-0.012700715263187886
54514,0.1251,0.0444,9.8947,0.1613869657792151,0.03371364105944521,9.894217028125375,0.0132,-0.0293,0.0064,0.014011329901218414,0.02898378424346447,0.006108425493910909
56515,-0.225,-0.0914,9.9675,0.49311804215088484,-0.1460108294333797,9.957186057784408,0.0364,-0.1356,0.0809,0.08221834863945841,0.11512055877312087,0.07902233738452197
58516,-0.6312,-0.1505,9.3579,0.7835136372841894,-0.4158268888432067,9.338337839082257,0.1017,-0.372,0.0088,0.2184192435026169,0.31793574844337996,0.0037709344618022454
60514,-0.4387,0.6208,9.5128,0.07500070447921747,-0.7677371140416712,9.5118963409476,0.1133,-0.2614,-0.0791,0.12408491274043919,0.25562720935507677,-0.08173935699909926
62514,-0.3161,0.3311,10.1721,0.235274286531657,-0.4891965013986919,10.16791528830044,-0.0088,-0.0171,0.0431,0.019932950473576787,0.004187114720279351,0.04257470628134906
64514,-0.4674,0.033,10.4813,0.56906353078112,-0.4131160675727296,10.468175924108177,-0.0076,0.0269,0.2172,-0.009558142337203026,-0.023906567098759112,0.21747259511463343
66514,0.1224,-0.4835,10.3399,0.5783550591774285,0.37122917155981994,10.32908438170962,0.0272,0.0238,0.1451,-0.03167668424472213,0.004898924860032273,0.1460577932484448
68515,0.2509,0.0754,9.8319,0.054744401866942606,0.10991372813605704,9.83462348359078,-0.0021,0.0312,0.0736,-0.0203971181333065,-0.02200660384148359,0.074124740306288
70515,-0.3119,0.4427,10.0045,0.14273201338872318,-0.5575327774234581,10.002603335542604,-0.0021,0.0373,-0.0425,-0.028290655016154048,-0.025559482543310152,-0.04181269803456963
72515,-1.0484,-1.6954,10.6574,2.2679854426756503,0.25952147265793757,10.599178887600452,0.1757,-0.0568,-0.0266,-0.07086192233413457,0.17089160303259268,-0.024061132261902093
74514,0.1512,0.3159,9.6252,-0.07014896808564663,-0.12087442903127521,9.630555596489087,-0.029,0.0623,-0.0638,-0.030589736844599244,-0.06217201695637777,-0.06317941392771899
76514,-0.1544,0.2427,9.2399,0.17229963913038376,-0.30554646193808876,9.23771897709854,0.0278,0.0257,0.0974,-0.03484467056840658,0.004288826997298745,0.09842532822303474
78515,-0.519,-0.5435,10.0074,1.0290508021518587,-0.078451517840568,9.982370028102025,0.0626,-0.022,0.073,-0.02160126307755709,0.06174993563434109,0.07383827661573887
80515,-0.1301,0.1786,9.275,0.20649720687419176,-0.24570287793753667,9.27207857169807,0.0242,0.0092,-0.0693,-0.024580653019994497,0.012758768851729111,-0.06859865513443947
82516,0.4196,-0.0491,10.1925,0.05086239605769518,0.3179073418881278,10.196170010499284,-0.0278,0.0446,0.1133,-0.01291812760606408,-0.05041267367233523,0.11353666679188609
84515,-0.0083,-0.0331,10.3607,0.3196670277006924,-0.019592760840198026,10.35580522899665,-0.0052,0.0678,-0.1317,-0.05204981343373656,-0.04733274343269877,-0.13045765141770244
86514,0.1326,0.0259,9.845,0.16927327045053245,0.05155675405887887,9.844336976054684,-0.0131,0.0672,-0.0364,-0.04383173989951611,-0.0532935304062441,-0.03536931033805013
88514,0.0543,-0.279,9.4688,0.44198884635567665,0.19004051514416936,9.46084016328454,0.0321,-0.0092,-0.1616,-0.018217443364858626,0.030985020191222425,-0.16105174387618898
90515,0.1164,-0.6004,10.2266,0.6682669957920909,0.44255503057828177,10.213468787680565,0.0358,-0.0342,-0.1048,5.366888642311394e-05,0.049771141552552585,-0.10467641062363983
92516,0.7755,0.0329,10.2264,-0.24058622460365298,0.536461004044488,10.238948737144844,-0.0088,0.0422,0.0828,-0.02420719949901104,-0.03425809668209404,0.08339373175874353
94515,-0.8275,0.4566,9.7398,0.45769474821239714,-0.9591668410084211,9.727664761188628,0.0009,0.0434,-0.04,-0.034812675398588185,-0.027219131460040808,-0.039135233740508556
96515,-0.0995,-0.1137,10.2003,0.43558563205376266,-0.03659211858133786,10.192049740823732,-0.0174,0.0568,0.0363,-0.031091210838407286,-0.050099430394498635,0.03701450573951006
98514,0.0838,0.0695,9.5377,0.15894489892646668,-0.012832021279865874,9.536988470746948,-0.0015,0.0507,0.0541,-0.03620770243778825,-0.034081978739844636,0.05501791565530002
100515,-0.0134,-0.1816,9.6293,0.41586532011851673,0.07490285183447414,9.62174752945453,-0.0162,0.0012,0.0137,0.009927882438153028,-0.013185970997670665,0.013384219339489937
102514,0.0619,0.1168,9.8086,0.14455345392376184,-0.06101281719943509,9.808235977203399,-0.0155,-0.0147,0.0046,0.021354162879288197,-0.0023486076506786056,0.00399797051884234
104514,-0.1489,-0.0088,9.7687,0.37540310448482633,-0.1406278570727911,9.761610935790092,0.015,-0.014,-0.0034,0.0009011819258332253,0.0205054223571904,-0.003357904154062271
106515,0.0825,0.1155,9.8199,0.13255800167396664,-0.044487471123179426,9.819930508868024,0.0028,-0.0153,0.0064,0.010044797766208646,0.01200074233710766,0.006162322292104364
108514,0.0513,0.026,9.8684,0.22235005774199962,-0.010639415576122701,9.866056810403615,0.0022,0.0067,-0.0052,-0.006678051814436912,-0.002632160565070808,-0.005024475553259253
110515,0.0237,0.1968,9.8149,0.1083547636412084,-0.14187684317869134,9.815278273629398,-0.0021,0.0073,-0.0296,-0.005039834141731263,-0.0062202548589557404,-0.029491838383302094
112515,0.187,-0.8621,9.7486,0.809025930775702,0.6671185081196017,9.732102583119646,-0.01,0.0153,-0.0064,-0.00539532834291458,-0.01749623927772045,-0.006310470512881875
114515,0.3846,-0.7591,10.3045,0.6183405765257776,0.7495345094482879,10.293819842882083,0.0022,0.0214,0.0125,-0.017400797424465413,-0.012188700699852778,0.01294981921836734
116514,-0.0302,0.6123,9.6487,-0.17851490245386958,-0.45090672630309125,9.655985391971841,-0.0107,-0.0256,-0.1084,0.02341899100840092,0.008735150860808791,-0.10906721967533231
118515,0.1687,1.6089,9.522,-1.070927852460742,-0.9425520170809701,9.55249785692431,-0.0797,-0.0971,-0.2025,0.11990783941820264,0.002579239724436781,-0.20591796650700273
120514,0.2347,0.2052,10.5456,-0.01392434101700784,0.01130145863667131,10.550192076920718,0.0376,-0.0415,0.0455,0.008654613787680869,0.05535883503467776,0.045461600002273915
122515,0.1107,-0.4369,9.5653,0.528742811908573,0.3347817369069439,9.55544115590863,0.015,0.0238,0.0156,-0.027411308750510215,-0.003979882667027416,0.0163578936599195
124514,0.0483,0.2187,10.1187,0.08423434969559315,-0.13826549601252192,10.119883554470167,0.0083,0.022,0.0993,-0.01937613558247685,-0.008210672333324327,0.09985254414901137
126515,0.2324,0.0763,10.3601,0.08074036357328293,0.09344575073397718,10.362251501842215,-0.0149,-0.0238,0.1029,0.030652738334983592,0.0036599827747326352,0.10209737764596939
128514,0.0094,-0.6969,10.1452,0.8087247972875833,0.42350461070258166,10.128052760602907,-0.0241,0.0617,-0.062,-0.033245922753214835,-0.0580503973858431,-0.061290782454237344
130514,0.0801,-0.6487,9.7703,0.7158322488553822,0.44757989012063487,9.755677814712003,-0.0223,-0.0006,0.0565,0.01643453967794776,-0.016822046018810946,0.05600736369937658
132514,-1.0089,0.1659,9.8189,0.7988554196201264,-0.9100722387947606,9.797438501777872,-0.0601,0.058,0.0492,-0.0040730169087648425,-0.08350920824240893,0.04905377317890525
134515,0.5656,-0.0915,9.5718,-0.028382775466144084,0.45881296776095404,9.57790787271671,-0.0742,0.0244,-0.0235,0.028641790457814932,-0.072319892936619,-0.02455057973563671
136514,-0.2442,0.5355,10.1324,0.03177307342588907,-0.5662436016527936,10.133621561915055,0.0315,0.033,-0.0419,-0.04669040691033006,0.0028623020722996443,-0.04060385665595531
138514,-0.3758,0.116,9.6233,0.42264322987124325,-0.3939567882640753,9.613987652386726,0.0272,0.0,-0.062,-0.019294386687874792,0.020968074463121593,-0.06141585003137588
140515,0.2308,-0.3763,9.964,0.4160706511437893,0.3859641836095602,9.957614510590956,-0.0021,-0.0018,0.0027,0.0028048775531351565,-0.0004489395435433835,0.0026212812557816507
142515,-0.2582,-1.5741,10.6014,1.663588195182383,0.7844701610331425,10.561781328815595,-0.0296,0.0189,0.0015,0.004735049820691348,-0.03480850159502588,0.0012520036797970533
144514,0.0969,0.1113,9.3527,0.1134294820673764,-0.029220778755983338,9.353130899157003,0.0358,0.011,0.0351,-0.03053228772804141,0.02010060303159989,0.03603325160965323
146515,0.0587,0.1329,9.2202,0.11791944476217031,-0.0718897053473629,9.220310518297925,0.0028,0.0049,-0.1396,-0.009441648170351981,-0.0005618700442835688,-0.1393935087326914
148515,0.5322,-0.4909,10.3407,0.319391505420953,0.6887928465741221,10.338174570453539,-0.0223,-0.0024,0.0015,0.01627356231883168,-0.015475201874738559,0.0009946360342204571
150514,-0.1049,-0.4083,9.7417,0.6510672523610294,0.15115445770039224,9.72788255157657,0.0217,-0.0153,0.0602,-0.0006591050520539299,0.026246531750168653,0.06032996999286115
152515,-0.6792,-0.6638,11.442,1.2643177037090063,-0.1277999017121271,11.410805390649289,-0.029,0.0287,-0.1628,-0.007713878372311592,-0.04013274798933417,-0.16278325944654642
154515,-0.7129,0.4569,9.4689,0.3759040041856468,-0.8709848683739546,9.459235484561697,0.1848,-0.0776,-0.4798,-0.07351102018505334,0.19279109401805328,-0.4772929624468088
156515,-0.6115,0.2242,9.3828,0.4855791787534952,-0.6429595473269001,9.370803207002579,0.0278,-0.0098,0.1335,-0.006749928098171948,0.027103914156416428,0.13383178604468704
158514,0.3793,-0.3429,10.381,0.30632390435189005,0.47633546411795535,10.378144533051177,-0.0162,-0.0525,-0.2447,0.04369359604045749,0.0223724627611693,-0.24594130327962338
160514,0.2237,0.2315,9.8654,-0.04586544810980564,-0.011811937382351602,9.870537544725462,-0.0155,-0.0299,0.0186,0.033342815290391445,0.007424977138545363,0.017701592463627455
162515,-0.2473,0.7131,9.9565,-0.10664675273075695,-0.6827651429914403,9.961125584080444,-0.0406,-0.036,-0.0101,0.053405175701528786,-0.007695892047462986,-0.011620260249078274
164515,-0.2569,-0.3048,9.5102,0.6637904533937573,-0.030956672642659396,9.49532684181407,-0.0137,-0.0647,-0.0376,0.05716601129770278,0.03147030522637068,-0.03910507623218
166515,0.2813,-0.106,10.0358,0.17921567303091288,0.2496338380456902,10.035597422463447,-0.051,-0.0012,-0.0651,0.03203316816911101,-0.0379334685605485,-0.06614664225876332
168514,-0.4016,-2.0088,9.2835,2.051111850807816,0.9602752313420642,9.23313310161531,0.0266,-0.0452,0.0278,0.01808737570792436,0.049412611302081494,0.02747145162820816
170517,0.16,0.7554,9.5934,-0.41207090885490166,-0.39800297267539425,9.6073590126805,0.0138,-0.0244,-0.026,0.008981102266907693,0.026384291938878597,-0.026172675579786298
172515,-0.6535,0.6418,9.1971,0.18887858182564377,-0.9441981587260496,9.192303063745797,-0.0632,0.0086,0.1286,0.03783772699385882,-0.054224525213148446,0.12741337402239442
174515,-0.0969,-1.6232,9.9457,1.5785987507395447,0.9414994740804191,9.90871962087825,0.0236,-0.0226,0.2257,0.008301325356215238,0.03185972762233578,0.2256640369512141
176518,0.0286,0.4974,10.4282,-0.10706622074395418,-0.33439879093030467,10.434188905402273,0.0107,-0.0147,-0.0131,0.003941451831907035,0.01770807826514356,-0.013155946232005954
178514,-0.2112,0.524,9.3275,-0.003217868395894807,-0.530934673115192,9.329498314741254,0.0254,-0.0269,0.095,0.0067736201360821735,0.03644875944340602,0.09497039704062045
180514,0.0294,0.5084,9.7717,-0.13429171793833375,-0.33869991912362163,9.778175050368905,0.0174,-0.0214,-0.1426,0.00111427703052759,0.027583677535969763,-0.14259516060575844
182515,-0.0991,-0.7012,10.3782,0.8885711672440172,0.3426895855442621,10.358645975796133,0.0663,-0.0244,0.2208,-0.0180358597934246,0.06563040324300529,0.22161012999936938
184515,0.6472,0.2135,10.2835,-0.2939456202529371,0.32166156314690597,10.296842037743703,0.0639,-0.0434,0.1029,-0.005277716086059809,0.07646828636932188,0.10334373347610236
186515,-0.0908,0.0961,9.6432,0.25434123225212096,-0.16363627404496076,9.639363211238011,-0.0082,0.0183,-0.1133,-0.011829168047755956,-0.017703161624772475,-0.1130738223593682
188515,-0.1107,1.8537,10.108,-1.0609438838362693,-1.3159272933568804,10.13720174249895,-0.1072,-0.0287,0.0602,0.09280392669886352,-0.0634806740985252,0.0574212975885719
190515,-0.2969,0.3995,10.2047,0.17159388901665804,-0.5188426303779241,10.202206306567417,0.0229,-0.1051,0.004,0.06551824550628663,0.0853682305779308,0.0024585358265787364
192515,-0.0224,-1.2002,10.9814,1.236622359831631,0.7216082588353193,10.953637692052872,0.0969,-0.1576,0.0925,0.060260195656865835,0.17547294316734188,0.09144164612218737
194514,-0.5587,1.4539,10.0385,-0.4685227809615433,-1.3993346727902534,10.050860935960339,0.0132,-0.2046,0.0534,0.14908188703805209,0.14208422834509982,0.049735520019382244
196515,-0.0099,0.6882,10.1888,-0.23446973586678507,-0.48625577404499054,10.197742184041442,0.07,-0.1845,-0.0156,0.09514080265462398,0.1726821251248941,-0.017683900872990488
198515,-0.0534,0.5735,9.6575,-0.13368217108175157,-0.44357600927851165,9.663562116735056,0.0107,-0.1582,-0.0052,0.11365678443610669,0.11039395746309309,-0.008004924213886261
200514,0.4814,1.2345,9.6181,-0.984497055736929,-0.46230899222609584,9.647829965640232,-0.0015,-0.0953,-0.1335,0.06996099569723009,0.060872786924382666,-0.1353017120514065
202514,-0.343,0.5324,9.8419,0.08983492593541745,-0.6386798484764526,9.841144016450645,0.0339,-0.0654,0.0516,0.02945054521858692,0.06795564483013004,0.051025735634565354
204514,0.3388,-0.2027,9.5042,0.20103858836740257,0.3577747990737669,9.50354009221606,-0.0094,-0.0067,-0.1158,0.007951768736541272,-0.002458750933501869,-0.11607589930631221
206515,0.8844,0.071,9.615,-0.35703824111670257,0.597009123351518,9.630759912533314,0.0052,0.0544,0.12,-0.04151897665262222,-0.031578953342884776,0.12110055623948573
208514,-0.1852,-0.2202,9.1373,0.542533618607372,-0.029642082013981413,9.125668192971498,-0.0003,0.0641,-0.1029,-0.05158733650669456,-0.04129855927038007,-0.10163899832181633
210514,0.2668,-0.1455,9.7081,0.20957647733017803,0.2651823510715272,9.706972622549161,-0.0485,0.0831,-0.0535,-0.03358110882118343,-0.09052853150204755,-0.05288670932240784
212514,0.9322,0.509,10.1294,-0.7077619474157691,0.3487906541136094,10.154321444574745,0.0907,0.0391,0.0467,-0.08710203413590789,0.04381016886760481,0.049295992703363295
214514,-0.2048,0.7915,9.5641,-0.20486064069941642,-0.6996669557488058,9.571255174498633,0.0321,0.0251,0.0143,-0.039482007198780776,0.008236367035144939,0.015435134328529238
216514,-0.3464,-0.2194,9.6204,0.6594975493103266,-0.1548123478261754,9.6052758887358,-0.0198,-0.014,-0.0021,0.02340988588705659,-0.0060604929748456935,-0.002774467155337334
218515,-0.2197,0.5173,9.4295,0.010229071164876279,-0.5334347407267895,9.43115494191237,-0.0357,-0.0073,0.0559,0.03018328655436635,-0.022719042898481714,0.05500367642752826
220514,0.7198,-0.2219,9.7403,-0.023758740063756723,0.6601934468348044,9.747018994775042,0.0193,-0.0324,-0.0993,0.009488690681010482,0.035995962479198354,-0.09948364564999938
222514,2.112,-0.8803,10.5829,-0.3968982651866973,2.1453696753736122,10.60533400146179,0.0364,0.0452,0.2068,-0.05222517913877964,-0.002111440713889895,0.20833222025781872
224515,0.4713,0.028,9.2947,-0.06640058438405393,0.31055735186566596,9.301263568662852,0.0284,-0.0519,0.109,0.02430269630998373,0.05484370594127104,0.10854822533987463
226514,-0.2339,-0.3347,10.2465,0.6922944775871932,0.0034541877617593987,10.23123725258447,0.0107,-0.1191,0.051,0.08539018826037646,0.08494436517553404,0.048921061629429455
228514,1.3294,0.4739,9.4113,-0.9575094077832995,0.6770373621468897,9.444006173995511,-0.0333,-0.0922,-0.1995,0.08628943702206017,0.034818847750453276,-0.2018706569567323
230515,0.1481,0.1437,9.4475,0.058289192102104426,-0.011391620458988453,9.449566939497366,0.0095,-0.0935,0.0088,0.06545418057441711,0.06762993750311434,0.007202885285392404
232514,0.2137,-0.077,9.1904,0.17715549966692926,0.1821276936173439,9.189695169344544,-0.04,-0.0116,0.0156,0.03511676495373249,-0.023088187000714244,0.014548830218613147
234515,0.1018,-0.3088,9.9076,0.4462955688804388,0.24408146774377676,9.89987406231612,0.0052,-0.0177,-0.0138,0.009762693376839162,0.015450705907586963,-0.014026243352517485
236514,0.6569,1.4334,10.7364,-1.2183955094903707,-0.4606005477214232,10.773105482652783,0.0162,-0.0055,-0.1769,-0.011199930685013532,0.016509798227110878,-0.1766020646173507
238514,0.6047,0.5857,9.3528,-0.5764663269519806,0.051864335856214146,9.372757023489848,-0.1023,0.0452,-0.2954,0.023330915404856212,-0.10629688639855012,-0.2965234114162624
240514,0.0134,0.8075,10.272,-0.3382243417263031,-0.5458271192222834,10.283671553212777,0.0003,-0.0085,0.0266,0.0070341422185301785,0.0056317061147652565,0.026433023905381558
242514,0.1328,0.064,10.7075,0.1641353403545916,0.024209882906125864,10.70722959791422,0.0205,-0.0446,-0.1445,0.01676173102632165,0.044945173243107275,-0.1448745542064309
244515,-0.0147,-0.6286,9.4074,0.7515888744816185,0.3634497537075542,9.391355088667572,0.0303,-0.0922,0.1286,0.05437271382957698,0.08226534221181646,0.1274084448352456
246515,-0.519,0.2703,10.3144,0.4166611923635006,-0.6052568787816912,10.304820803846791,-0.0284,-0.1057,0.015,0.09941042027026414,0.04656368160480633,0.012387155777588485
248515,1.6196,0.5098,9.2852,-1.1758197010427713,0.8757638320712372,9.324614100383966,0.0217,-0.0568,0.0241,0.029999530749768022,0.05317950493670069,0.023450124471634626
250515,-1.1751,-0.9056,7.8434,1.6686542253181338,-0.338047850770224,7.798795665320009,0.0596,-0.0318,-0.04,-0.015338843715190885,0.06616955255046486,-0.03936635908856988
252514,0.2114,-1.2834,10.5797,1.1379209849439562,0.9551561618279201,10.55531496955082,0.0571,-0.0171,0.2892,-0.01575671993792057,0.05366329701859504,0.289933508535102
254515,-1.2114,-0.8455,10.3405,1.7159031900785864,-0.41293315140237097,10.295312851239368,0.0675,0.0116,0.266,-0.04501885838210583,0.04313635159488768,0.26750583203956485
256514,-0.359,-0.143,10.0537,0.6214271028690039,-0.21523869771868923,10.039607460094242,0.0364,-0.0464,-0.1219,0.008498120763152832,0.0581684367924463,-0.12199075933992862
258515,0.2819,-0.1363,10.4149,0.21252448098883034,0.2684003913137596,10.413980303816869,0.0626,-0.0446,0.1866,-0.0011874635174870525,0.07597147218501195,0.18696097607389092
260515,-0.9936,-0.5929,9.7665,1.3665012377612291,-0.4079745769421105,9.730854439318554,-0.0314,0.0073,0.0125,0.015055462052673099,-0.028724643337773158,0.011988658691570163
262515,-0.1547,0.6213,10.6615,-0.07672921959087248,-0.555134216380259,10.66599600158967,-0.0821,0.0049,-0.0113,0.04896275904849172,-0.06579193245149217,-0.012891078725084663
264515,-0.059,-0.3152,10.9439,0.5839286237604916,0.12201854948201214,10.93233380215019,0.0834,0.0434,-0.0425,-0.08815759282633662,0.03575846352116205,-0.03993671499118209
266516,0.3516,0.2921,9.8877,-0.17407563525214792,0.046582525995327174,9.896620004000887,0.0498,-0.0391,0.0064,-0.002145770311355588,0.06325079834163189,0.006673990212008357
268515,0.4626,0.9203,8.6263,-0.7602824808768928,-0.27034415283813146,8.650022530597822,0.0486,-0.0385,0.0437,-0.0007880527414381481,0.061822515647439284,0.043946052955463534
270515,0.2614,-0.5447,10.1013,0.5286353100381791,0.5176606122139376,10.092267613549158,0.0119,-0.044,0.12,0.0292366729915142,0.037109056515246625,0.11935554171875119
272514,-0.2689,0.0293,9.4608,0.41523275008797644,-0.2558055519558489,9.452092404102162,-0.0229,0.0025,-0.1304,0.00924231754541397,-0.01865791404284537,-0.1307718717034906
274514,-0.4124,0.3386,8.6351,0.24885778201892972,-0.5624051250544843,8.629684157770127,-0.0754,0.0519,-0.3167,0.00025343005582690074,-0.09002260613390244,-0.31713329964689907
276514,0.2423,1.0888,7.6417,-0.7740614758916199,-0.5440631672302727,7.6645025790102785,0.0889,-0.0037,0.3772,-0.04406139771044255,0.06898337655756623,0.378809493310377
278515,0.183,-0.2845,10.977,0.40515319179743525,0.2867830156437121,10.97098760146834,-0.0015,-0.099,-0.1726,0.07169336764067412,0.06339401607615873,-0.17445707369297744
280515,-0.8017,-0.5588,10.0817,1.2253543049745261,-0.284589530430967,10.050531053560228,-0.0155,-0.0763,-0.018,0.06772635304629802,0.03752540782410652,-0.01977181668244302
282514,0.9062,-0.0714,10.5306,-0.23691607917100196,0.7025883999361656,10.54372216366455,0.0596,-0.1393,0.1481,0.07193473730608821,0.13499406696273947,0.14660237274207175
284514,0.1577,1.6768,9.971,-1.103107740931213,-0.9963179722289555,10.00239350472316,0.0254,-0.0715,0.0583,0.039780912417918445,0.06538658282668329,0.05743147020600736
286514,0.1991,0.0855,9.946,0.08367139028608797,0.06346977173294871,9.947805852894112,-0.0247,-0.0415,0.0443,0.04885196095481515,0.00781153364670463,0.04298018015511334
288515,0.4022,-0.2087,10.8092,0.20108352158367634,0.4056786707768217,10.809214568550512,0.0321,-0.0067,0.1182,-0.012318941657245156,0.028434261388052252,0.11868562242425978
290515,-0.3945,-0.3025,9.4368,0.7488442385852337,-0.13722228009849788,9.419168554861471,-0.0149,-0.0012,0.0119,0.010869451225548983,-0.010637120974203572,0.011565755229443312
292514,-0.6014,-0.6595,8.6876,1.1339521683484317,-0.06198630676921461,8.659175989994035,-0.0119,-0.0366,0.0956,0.03827859365642071,0.014243989474512638,0.09461706147938967
294515,0.6415,-0.949,10.8506,0.6125800141438842,1.0664812551929614,10.841356523369253,-0.0052,-0.0464,0.23,0.045179302909970284,0.02524003522787243,0.2289143355935812
296515,0.138,-0.5406,10.8149,0.6251021933637559,0.4184389270621818,10.803125226380676,0.0242,-0.0366,0.3522,0.02212549778074026,0.040939811892341825,0.3518585490860045
298514,0.4043,-0.9719,11.2506,0.7943871209606529,0.8988928913651966,11.235879744744674,-0.0363,-0.0507,-0.0553,0.060583938372880224,0.0052346322192344825,-0.056995220028981566
300514,-1.1014,-0.4759,8.7515,1.318522250727564,-0.5624517503764014,8.716275858626886,0.0889,-0.0214,-0.2728,-0.048689958667755134,0.08259236252047122,-0.27127256075292827
302514,0.095,0.3473,10.5205,-0.032838667408376945,-0.1870503049713094,10.524946569953487,-0.1145,0.0,-0.1396,0.07004480919539928,-0.08692688871007413,-0.14190085119828583
304514,1.7199,-1.4347,11.1308,0.2946141561597587,2.2024481026323515,11.134341382317618,-0.0052,0.0183,0.4071,0.0007520786590874193,-0.01715342300175689,0.40718244113065305
306514,-0.7122,1.789,10.5975,-0.6094949074320493,-1.7348657066883053,10.612893899894505,0.0578,-0.0366,-0.0125,-0.009746711625903843,0.06780490486626513,-0.012006101270765067
308515,0.3554,0.0847,7.8965,-0.07382896873131398,0.19013758902135305,7.902315781911089,-0.0272,-0.055,0.0046,0.0596596954241395,0.014758181664068252,0.002986092980951071
310514,0.5799,-0.9022,10.0846,0.5952784963563085,0.9917890022871084,10.075286979612708,0.0266,-0.0507,0.0272,0.0222673063158989,0.05296805039271712,0.026766446542367338
312514,-1.0057,1.5614,7.818,-0.32384328446090205,-1.8025422576451673,7.82409710329622,-0.0534,-0.077,0.346,0.10288992138803005,0.007832877626083791,0.3432912382058799
314514,0.0348,-0.0923,8.909,0.29650555523484945,0.056405776039790356,8.904432436208054,0.0016,-0.047,-0.0009,0.034804127342253924,0.03158993002758362,-0.0017660633780062199
316515,0.0547,0.2538,8.8688,0.01844841749072073,-0.15187870511040094,8.871280363926292,-0.0094,-0.0085,0.2941,0.020760934665054083,-0.0026663842440117153,0.293627820667997
318515,-0.1287,0.0221,10.3226,0.35423424011319876,-0.14702583220312374,10.31629915097989,-0.0137,-0.0617,-0.0247,0.05523681291267275,0.029488935619732367,-0.026152764709666373
320515,-0.5637,0.2034,9.321,0.46885876563638446,-0.5928304771617987,9.309613140499591,0.0144,-0.0043,-0.109,-0.009058873163163662,0.01413359358208254,-0.10874294814355671
322515,0.2713,-0.4086,9.6482,0.4057528482362628,0.4388006306643598,9.642154471419751,-0.029,0.0043,0.004,0.015557591933012009,-0.024926153615489603,0.0034839926961809397
324514,0.1886,0.888,8.7187,-0.5561205939315259,-0.45891895592580545,8.736130128838122,-0.021,-0.0489,-0.0021,0.05081457540169358,0.015571737700374797,-0.003466966716572642
326515,0.8519,-0.1945,9.3215,-0.14165464456602933,0.7447183276320342,9.331626750610397,-0.0039,-0.0055,0.084,0.009058630084991455,0.0002958361398428677,0.0837813460905105
328514,-0.04,-0.0542,11.2874,0.3820913604184985,-0.033254541453067214,11.281083338027447,-0.1328,0.0538,-0.1817,0.03963661026433111,-0.1355128754877951,-0.1833313147224486
330514,-0.9641,0.5566,9.8604,0.4729670196503401,-1.1284397487355395,9.847319935308397,-0.0155,0.0391,0.0394,-0.018726021243631843,-0.03722400213265792,0.03981368864141405
332515,0.7976,0.9419,10.8444,-0.9312111420005558,-0.03602281203027813,10.874553099213914,0.0303,-0.0256,0.2562,0.007114741234481336,0.038809846667479726,0.25623245033994313
334514,0.2181,0.954,9.9703,-0.5906124275915323,-0.4832288298846688,9.98910587059036,-0.1078,0.1142,0.2239,-0.011278700768202529,-0.1568106398691889,0.22377869763001798
336515,0.1407,0.6444,9.8858,-0.30675371577888727,-0.3419969136112369,9.897122472959012,-0.0644,0.036,0.0143,0.014516761601716279,-0.07246081513143143,0.013658107113838197
338515,0.2311,-0.4037,9.8101,0.4324903471492231,0.4044103117454331,9.803257150008902,0.0162,-0.0391,0.0406,0.020505891974270347,0.037490792050305755,0.040169128964468837
340514,0.097,-0.1294,9.9274,0.3130598699614406,0.1244450784078799,9.923000281367452,0.0101,-0.0085,0.0174,0.0004490289404988294,0.013142449930030853,0.017438302449509502
342515,-0.2531,0.5472,9.9849,0.0244778026692569,-0.5801025743423496,9.986220548766106,-0.0058,0.0012,0.0583,0.0044562677927315235,-0.0053971591600682585,0.05818060218989849
344514,-0.017,0.1231,9.9131,0.19361221771612763,-0.1256540150533896,9.91119181070812,-0.0119,-0.0006,-0.0321,0.007246807403117418,-0.008587855826830491,-0.0323436632707715
346515,0.2639,-0.1649,10.0731,0.23643503455892204,0.2742823702294845,10.071397624851391,0.0064,-0.0049,0.0657,0.0014389395467936986,0.007830991963809356,0.06571198652125894
348515,-0.2899,0.3609,9.7856,0.18483418462872506,-0.4871598112374544,9.78267720177062,-0.0088,0.0018,0.0143,0.004708181823045016,-0.007927474796539172,0.01414772683903575
350514,-0.0792,0.2225,9.6837,0.15153321696147323,-0.23658218536865896,9.682504556241259,0.0126,-0.0208,0.0046,0.007862805344164373,0.023040175792295486,0.004459437181055546
352515,0.0462,0.1554,9.9601,0.12946555340215565,-0.09844125935011544,9.960091723711043,-0.0302,-0.0214,-0.0431,0.034628364705294366,-0.009080359642440455,-0.0441138696603477
354514,-0.1078,0.2457,9.8179,0.15604364256635309,-0.27384926844830626,9.816507023386285,0.0101,-0.0067,-0.0211,-0.001998529724031687,0.012108239991171285,-0.021012054106220604
356514,0.1015,-0.0797,9.7804,0.26813019569814206,0.09626117347497494,9.777101917504892,0.0199,-0.0085,-0.0309,-0.007226926674693823,0.02078393168565817,-0.030640981498733164
358515,0.0478,0.033,9.8151,0.21778199525550007,-0.017655170425167302,9.81283978221193,0.0003,-0.0018,-0.0058,0.0010179147735238075,0.0014113140613771973,-0.005825980024039745
360514,0.0769,0.0298,9.9307,0.20465718759074808,0.006236718672187995,9.928931674914061,-0.0064,-0.0079,0.0211,0.010749469993263485,0.00014858393003232772,0.0208088162150234
362514,-0.0297,-0.058,9.9444,0.34087149058878424,-0.018447264653630554,9.938752804475278,0.0205,0.0012,0.0046,-0.0140253753349185,0.014856225630361588,0.0050429566152393815
364514,0.0399,0.0714,9.8186,0.19368075611442329,-0.04850607697749511,9.816910629177093,0.0138,-0.0049,0.0143,-0.00477367914840579,0.013651006818050518,0.01448454377837479
366515,-0.0783,0.0055,9.7408,0.31812275608181956,-0.0958870932996273,9.735448256054148,0.0162,0.0073,-0.0101,-0.016313209363073112,0.0076822647456545375,-0.009622994001582265
368515,-0.0291,-0.0916,9.7946,0.36194263520091774,0.004219821403827512,9.7883813615568,-0.0137,-0.0024,-0.0009,0.010653072322160005,-0.00890311124934815,-0.0012274615757167338
370514,-0.048,0.2179,9.9035,0.1410276102699339,-0.21053134440439755,9.902771729608252,0.0107,-0.0128,-0.0174,0.0023717283889651314,0.016494906553905456,-0.017417892181128262
372514,0.1295,0.0999,10.0976,0.12185807181000709,0.0005361991859972445,10.098189441172407,-0.0143,-0.0006,-0.0394,0.008592969442903995,-0.010395279266592115,-0.03969016381651163
374514,0.1197,-0.0245,9.8066,0.21498901333063838,0.07440141950873659,9.804722305737062,-0.0217,-0.0012,0.0119,0.01526061679199338,-0.015827312529226766,0.011425837465375663
376515,-0.086,0.4499,9.83,-0.013507249435782482,-0.38917985519971704,9.832958153580503,0.0162,0.0104,-0.0052,-0.018541901084780692,0.005663036719150841,-0.004665610419213772
378515,-0.4603,0.4701,9.5114,0.20389880907386537,-0.6868548627474346,9.507168818822876,-0.0155,-0.0061,-0.0241,0.013991402239352465,-0.0078089208660181595,-0.02452613792903721
380515,-0.1416,0.115,9.8723,0.27911614904180165,-0.21538698294903152,9.867689139414578,-0.0278,0.0202,0.0174,0.0030243329301476475,-0.03432769421068951,0.017207638455182313
382514,-0.0173,0.118,9.8878,0.19699156397134068,-0.12250339755518362,9.885798038824648,0.0089,0.0165,-0.0296,-0.019163074362277984,-0.0037682808484882117,-0.029089459696039557
384514,-0.0191,-0.048,9.8974,0.3250848868086934,-0.016660305970441543,9.89218081722483,-0.0021,-0.0006,0.0095,0.0020789521999657152,-0.0012469710235949606,0.009441558358073233
386515,0.0836,-0.0492,9.7912,0.2567181580841541,0.06285724518485367,9.788112955106795,0.004,0.0116,-0.0095,-0.011699235273152588,-0.004409694158518686,-0.009191979731619358
388515,0.1657,-0.33,9.9052,0.421140825471282,0.30655889648962764,9.898384165356308,-0.0064,-0.0208,0.0266,0.02074601172655821,0.008464608987327664,0.026059804421663283
390515,0.0677,-0.2657,9.4958,0.42394062344580885,0.19158511937828734,9.488359717651829,-0.0027,-0.0018,-0.0474,0.0017946044102311136,-0.0007393791868351402,-0.04747128388881683
392515,-0.254,0.5036,9.7874,0.05281712375730269,-0.5519601028230974,9.787945725552738,0.0089,-0.0055,-0.0058,-0.0017124038681387906,0.010365871062967926,-0.005719824353978037
394515,0.366,0.1152,9.6472,-0.055104067081213,0.17266899829246105,9.65312629020512,-0.018,-0.0079,-0.0431,0.01644918010160327,-0.008490607910091055,-0.0436045195106417
396515,-0.2799,-0.0572,9.855,0.4993359773173928,-0.20963372119283302,9.84425525873974,0.0071,0.0098,-0.0083,-0.0122941560305655,-0.000884648167388513,-0.007963110306859016
398515,-0.0502,0.0815,9.8433,0.24484618780538436,-0.12388409893908538,9.839940229262783,0.0242,0.0336,-0.0113,-0.04158047735616564,-0.0031994850871618816,-0.010154663075506687
400515,-0.2654,0.1665,9.7717,0.31695848470553756,-0.3428156787943561,9.765566979689522,-0.021,0.0458,0.0168,-0.020917162603139874,-0.045675111315026884,0.01723764668479562
402514,0.0516,-0.0959,9.9036,0.316151832023263,0.06822886011544614,9.898916540598497,-0.0204,-0.0159,0.0076,0.025517718532681467,-0.005323335221223534,0.0068730010744184255
404515,0.0221,-0.0565,9.8132,0.3026162747293711,0.020559355713240805,9.808699151514098,0.0126,0.0122,-0.0229,-0.018084430392831564,0.001811529738130047,-0.02239825336560607
406514,-0.1198,-0.0899,9.7683,0.4184821442939341,-0.06601856975923293,9.760258018633351,0.0278,-0.011,0.0095,-0.00929373987838626,0.028293825089419262,0.009857781983166933
408515,0.041,0.0154,9.8146,0.2355885550364852,-0.01147270491765812,9.811863287527114,0.0162,-0.0006,-0.0125,-0.010352222432941198,0.01279431135659106,-0.012173212181776763
410515,-0.0539,-0.1028,9.8296,0.3874798775911331,-0.007590059844776983,9.82264294356182,-0.0265,0.0104,-0.0058,0.009015296365320682,-0.026926306983735413,-0.0061439747802913185
412514,0.2733,0.1037,9.8096,0.018063468974828738,0.10880136644914745,9.813334711495415,-0.0375,0.0116,-0.0107,0.015066311337798835,-0.036081115495832636,-0.011245415829867125
414514,-0.1026,0.083,9.8622,0.2780667336836457,-0.1649114180873148,9.85778327967152,-0.0094,-0.0067,0.0052,0.01132752123773098,-0.002863336375541985,0.0048763273324817415
416514,-0.1718,-0.0231,9.8436,0.40319196066558366,-0.14911810663733632,9.835736540893839,-0.0278,-0.0043,-0.0284,0.020440825483202932,-0.018345625313557684,-0.0290430839125067
418514,0.0643,-0.0116,9.8432,0.24194209445118903,0.023659829562902444,9.840414777304977,-0.0064,-0.0073,0.0131,0.01006846121326089,-0.00021231384272687133,0.012823455727472902
420515,0.3198,-0.0077,10.0567,0.07993107517436147,0.21544006168977356,10.059162313339487,-0.0064,-0.0073,0.0088,0.009948496454954148,-0.00019793601296842092,0.008525153458490968
422515,-0.2298,-0.2087,9.9392,0.5849316759347916,-0.0737948356896639,9.926553941364213,-0.0058,0.0128,0.0565,-0.004445108298212291,-0.012885653520794585,0.056603277768194675
424514,-0.4255,0.577,9.9836,0.11303217613399028,-0.7309379941781983,9.981943955366313,0.029,0.0464,0.0602,-0.05245215614587068,-0.008044701109919693,0.06166079947799444
426514,-1.3614,-0.8054,10.3978,1.7837681979939342,-0.5535220200412907,10.350271116418392,-0.029,0.0354,-0.0309,-0.009146336098760366,-0.04490250688674859,-0.030807132493704557
428514,-0.9852,-0.4604,9.8317,1.261794264807552,-0.48738660038490783,9.79873691150695,0.0345,0.0104,-0.0119,-0.03054622436836362,0.019653160774847498,-0.010986421722918749
430515,-0.1142,-0.254,9.6003,0.5353922635890543,0.044838959723757586,9.589299537041784,0.0187,-0.055,-0.0021,0.029832406017929313,0.04981437732544728,-0.002766816809773445
432515,-0.1675,0.3768,10.0263,0.10037624992206692,-0.40481383876740007,10.026104933061452,0.0248,-0.0244,-0.0052,0.0024580408483743693,0.034710641470737755,-0.005154550300538539
434515,0.0006,-0.1186,9.732,0.36161894407868383,0.0445421857919544,9.725900546332449,0.0119,-0.0043,-0.0394,-0.005502718900144101,0.011992714700940996,-0.039221868051216004
436515,-0.0371,-0.1328,9.8316,0.39957783976495265,0.024608440160937616,9.824413785945625,-0.0039,0.0018,-0.0113,0.0008297507829964159,-0.00410188558078371,-0.011341342644393444
438514,0.2693,-0.6721,10.1371,0.6217427201844752,0.6058811169047374,10.125778243550286,0.0144,-0.0281,-0.0107,0.011843712111562491,0.02918158290418796,-0.010937169807776807
440515,-0.1957,0.0718,9.6563,0.34098854328766465,-0.22804670109073633,9.649834623612463,0.0254,-0.0837,0.0321,0.048358941172808416,0.0733563474883791,0.031008368677273388
442516,-0.5014,0.0054,9.226,0.5770576712936163,-0.41703792988304045,9.212143830915542,0.0944,-0.2168,0.0754,0.10656895409673453,0.21186982084093617,0.07316417082250118
444514,0.0344,-0.8342,10.0728,0.8953250752270223,0.5315348861355336,10.053568526717276,0.0193,-0.2712,0.0333,0.19539984477385877,0.1898361852757167,0.02849458570405841
446515,0.3776,1.093,10.1338,-0.7951109330609439,-0.45183993938425554,10.158482963763923,0.0529,-0.1423,0.0388,0.07550108280479907,0.13218390224184842,0.03715026183016598
448514,-0.2594,0.1111,9.3185,0.3427121104232967,-0.3009279813269619,9.311609295745567,-0.032,-0.2187,-0.1072,0.18454841413497924,0.11723142474815249,-0.11200091547258198
450515,-0.1701,1.0656,9.8288,-0.4290304589807989,-0.8511569592557848,9.84180953496769,0.0675,-0.2395,0.1048,0.14208091375827786,0.2059057160500437,0.10156470251865686
452515,1.0074,1.2549,10.4244,-1.3172376704603432,-0.07670842603761689,10.465025023972617,0.0205,-0.1997,-0.0547,0.1376131320796907,0.14485171792651524,-0.05807783294208348
454515,0.3138,-0.1613,9.7651,0.19287189267650245,0.3110731875934173,9.764614864904061,0.0248,-0.1032,-0.0577,0.061120188713818795,0.08579718675711193,-0.05914165271818638
456515,0.1475,-0.3413,9.9326,0.44228032657653094,0.29987657395200806,9.925182637047396,0.0058,-0.011,-0.0107,0.004349416872113943,0.011569571245042607,-0.01078691774830222
458514,-0.2165,0.134,9.8102,0.31125344509035346,-0.28462326919948683,9.804436067988723,0.0352,-0.0055,-0.0217,-0.01913947307392955,0.030492864698776975,-0.021072394168749453
460515,0.2298,-0.1263,9.9178,0.22466976544111966,0.22383572177654135,9.916195901484414,0.0297,-0.0037,-0.0101,-0.016637624778598547,0.02509318727296777,-0.009555700044706463
462515,-0.1623,0.0678,9.7933,0.3262944277845323,-0.20042747091432103,9.787391236627101,0.0193,-0.0067,-0.0107,-0.007649371109157801,0.01909548957380466,-0.010426859742030501
464515,-0.0688,0.1083,9.7996,0.23518891265690328,-0.15524958980958908,9.796387582169846,-0.0119,0.0,0.0009,0.007709648644179106,-0.009085844534495846,0.0006547885738313198
466515,0.0061,0.1777,9.8476,0.1352063134163618,-0.14307951524388046,9.847237746192887,-0.0198,-0.0018,0.0003,0.014167866144329312,-0.013950678020669148,-0.00014196888282895094
468514,-0.1243,0.1945,9.7932,0.20507675816714765,-0.2532812969384715,9.790497561984138,-0.0296,0.0031,0.0137,0.017131302957981827,-0.024641250955918806,0.013144855359569193
470514,0.1319,-0.171,9.847,0.32002188134342435,0.1782286794410087,9.842554120281338,-0.0259,-0.0024,0.0186,0.019075366185605524,-0.018280127295944838,0.018013810481876134
472515,-0.0957,0.1051,9.8497,0.25639927479550245,-0.17388144356706178,9.845853071719036,0.0254,-0.0037,-0.0095,-0.013844119048863648,0.02180914816907607,-0.009044414347037674
474515,-0.0183,-0.0021,9.7446,0.2852822276607156,-0.04519379328629002,9.740335898960755,0.0107,-0.0012,-0.0211,-0.006582655385881662,0.009012765187723561,-0.020894466442614796
476518,0.143,-0.0279,9.9069,0.20533536641821268,0.09404675458068958,9.90539707059972,0.0217,-0.0134,0.0021,-0.003729782912880183,0.02521325009497814,0.0022892654225230217
478515,-0.2555,-0.8787,9.8786,1.1110677266642452,0.33966465325308964,9.85262867420651,0.0132,-0.0562,-0.0076,0.03414627781808376,0.046410112967900936,-0.008400775959342717
480514,-0.2918,0.4848,10.0039,0.09761190498545767,-0.5693890891024378,10.003222732393443,0.0126,-0.2376,0.0198,0.17371196304112674,0.16305921525070446,0.015504988454282284
482515,0.3445,0.4581,9.5227,-0.30633692404255264,-0.06486526607084092,9.53479441738166,-0.0235,-0.2559,-0.0809,0.2081779441006482,0.14766535322801214,-0.08624822053723037
484514,0.2991,0.3641,9.7518,-0.19890292221754788,-0.0395520663860254,9.76107112592794,0.0168,-0.0458,0.0858,0.026491768030822278,0.04212634306093678,0.08523542486801744
486515,-0.2407,0.6976,10.1866,-0.09266227811723947,-0.6684827652656473,10.190973947235197,-0.0119,-0.1527,0.0626,0.12594581982344388,0.08936406870065257,0.0594085280854255
488515,0.2209,0.0528,9.762,0.08941156437695026,0.10185092629324645,9.763701348479838,0.0284,-0.1668,0.0162,0.10938593830913304,0.12938844286454843,0.013586264137923717
490515,-0.1624,0.2736,9.9617,0.17402540199682115,-0.33402987084933555,9.959660654616357,-0.0021,-0.0782,-0.0162,0.06057315033227205,0.048974669155944145,-0.017733163380622863
492515,-0.1371,-0.6528,9.9598,0.8645064887598157,0.2838143608254381,9.940555404996127,0.0022,-0.0214,0.0143,0.015307142329961058,0.0154574492814485,0.013930134598165752
494515,0.1599,0.0364,9.9391,0.14625748320296406,0.0652953798005823,9.939162468557805,0.0101,-0.0085,0.0046,9.192454367876104e-05,0.013185249051172286,0.0046433561604470016
496515,-0.1187,0.1384,9.781,0.24392617178410295,-0.21272121323319151,9.777344137015195,-0.01,-0.0079,0.0131,0.012851014456897975,-0.0025724150895606725,0.01273790067397058
498515,-0.1782,-0.0319,9.8078,0.41304071781784296,-0.14819779640389608,9.799650601018593,-0.0198,0.0098,-0.0113,0.004993081999570133,-0.021406404304271563,-0.011515424057096242
500514,-0.2515,0.0988,9.7411,0.3587859140075743,-0.2883644716143143,9.733969636506586,-0.0314,0.0025,0.0119,0.01870127103999257,-0.025621459341188892,0.011297048039361835
502514,-0.1954,0.1035,9.7139,0.31821370607391003,-0.24849101307014934,9.708024631250277,-0.0284,0.0079,0.0321,0.01320718070194125,-0.026888036323571576,0.031654129565134644
504515,-0.0043,-0.1039,9.8501,0.35686145832762123,0.030909949077246715,9.844134377964213,0.004,-0.0049,0.0046,0.0012841471686959264,0.006203458580095321,0.004586727354303002
506515,0.1502,-0.0169,9.8263,0.19004391549304128,0.09270488647357561,9.825187525363638,0.0327,-0.0073,-0.0186,-0.016065132151544093,0.02973728229710832,-0.01805950129814446
508515,0.2287,0.0075,9.9517,0.12423233708962801,0.13643745033438318,9.952620133605228,-0.0302,0.0006,0.0058,0.01920593558996916,-0.02345759718725458,0.005187791498750448
510515,-0.2558,-0.0094,9.7234,0.4436288139805198,-0.2216816053834744,9.714117750690132,-0.0333,0.0128,0.0174,0.012222439523041249,-0.03374466083971784,0.016952871377021072
512515,-0.2346,0.2036,9.8558,0.27110692931562663,-0.3435578876893036,9.850977425378561,-0.0296,0.0006,0.0162,0.019108627127110957,-0.023034413394797594,0.01559603104367852
514515,-0.0405,0.0602,9.8794,0.25584202315658333,-0.10283967380160466,9.875817991313339,0.0254,-0.0116,-0.0076,-0.007763167360424995,0.02690681695025414,-0.0072963302582502365
516514,-0.1681,0.1004,9.8186,0.3058708659633994,-0.22600115995192901,9.813185703938455,-0.0326,-0.003,0.007,0.023536148460209367,-0.02296755857756361,0.006269049314409495
518514,-0.1012,0.0599,9.7963,0.29295015399828556,-0.1486980825338047,9.791496088675038,0.0089,-0.0037,0.0107,-0.002625529577583074,0.009147758650453761,0.010808103926107288
520515,0.1999,-0.0839,9.956,0.2126912025809288,0.17349267845116556,9.9545769126568,0.0315,0.0012,-0.0028,-0.021335182377696035,0.02327686697598547,-0.0021277841486036777
522515,0.209,-0.1237,9.9179,0.23612047557011245,0.2062797027227003,9.915917629006877,0.0388,-0.0104,-0.029,-0.01792901754230261,0.03643080770121887,-0.028389198899269105
524515,0.2389,-0.3611,10.523,0.41483734714537857,0.38045710347117856,10.516851322865858,0.0272,-0.1154,0.0424,0.07167201036810875,0.0951764767792076,0.04073476257994771
526515,0.2236,0.0862,9.7312,0.06132349927425383,0.08243569425791501,9.733608170387892,0.0352,-0.1497,0.0388,0.09257745703160762,0.1234551213523373,0.036644465822353964
528515,-0.0869,1.1388,10.0085,-0.5335981111623347,-0.8355472598534543,10.024551195659487,0.0284,-0.0202,-0.0156,-0.0033615709096193333,0.0347796336626634,-0.015396003448218107
530515,-0.5318,0.877,8.7724,-0.08102384345233436,-1.001846645296924,8.77477539044991,-0.0155,0.0318,-0.1329,-0.017962855737656356,-0.03193151128566824,-0.1325579684793949
532515,-0.558,-1.155,9.5635,1.508444546494633,0.2883425958000589,9.526141825165599,-0.0339,0.0458,-0.0339,-0.014001331416517495,-0.05535168535639532,-0.033707768110930916
534514,0.0786,0.8521,9.0961,-0.4471652245171368,-0.5209456167625729,9.110430804638192,-0.0669,0.102,-0.0296,-0.035453634297847744,-0.11686338076256216,-0.029013096848875285
536514,0.0066,1.7972,8.2587,-1.1451734604679047,-1.1837095722551922,8.28996434457004,-0.0589,0.047,-0.2929,-0.005998761706799268,-0.07434255293584428,-0.29309695108681916
538514,-0.6632,-0.4786,9.565,1.0603062172874809,-0.22896537272678688,9.538419472689181,0.0034,-0.0928,-0.1567,0.06424194451496004,0.06307515454045497,-0.1583438918426633
540515,0.4147,0.7418,10.4346,-0.5427002150669694,-0.19762580274501815,10.453207397714257,-0.04,-0.0281,-0.0492,0.0458989335745573,-0.012211217804439366,-0.05054131130538881
542515,-0.3064,-0.0466,9.8975,0.5095461786277593,-0.2368507437264081,9.886396041078122,0.0626,-0.0684,0.04,0.012882710289955142,0.09183832906708123,0.039963446113467214
544515,-0.7684,-1.3723,11.089,1.8526785772845151,0.26304407986467715,11.042552290348336,0.0284,-0.0165,0.0504,-0.004343465644121171,0.032168459482863544,0.05064873750396073
546514,-0.5329,0.4949,9.8629,0.2416642146252096,-0.7594658461262007,9.857510756938531,0.0107,-0.0202,0.0156,0.0089388167232275,0.021165547492541372,0.015427480421960352
548515,0.2914,-0.1213,10.2395,0.19005085490122436,0.2665466953415889,10.239132052374257,-0.0204,-0.0147,-0.0553,0.022847248143702745,-0.005888312111934649,-0.055979202787950634
550514,-0.9073,0.7567,9.784,0.28147392469048493,-1.214111275755614,9.77594771902673,0.0022,-0.0171,-0.0254,0.010918527911603451,0.012812054995726796,-0.025671910909190774
552515,0.5777,-0.3623,10.026,0.18310392329990863,0.6414878691380843,10.026995783932879,0.0889,-0.0605,0.0828,-0.008934644475579264,0.10666502683255821,0.08343886604718864
554516,0.164,-0.1518,8.8137,0.2558149933986366,0.19377975141122006,8.810689973323793,0.0394,0.0092,0.1011,-0.029642247297614808,0.023790610203938557,0.1020468246936798
556514,-0.5791,-0.9703,8.2907,1.3456287017203867,0.15716283735972839,8.25694441394396,-0.0339,0.0971,0.0693,-0.050265661702305085,-0.08884059087750502,0.07043310698084533
558515,0.7556,0.7893,9.1537,-0.8348191927678883,0.036164895026152964,9.18073643887453,-0.0162,-0.0293,-0.3277,0.023675680647045377,0.007660962338047101,-0.3284646033223718
560514,-0.144,0.8386,10.0693,-0.26596711753979324,-0.6853800719943364,10.078407994299383,0.0071,0.0244,-0.04,-0.02431879833340645,-0.010211402573436501,-0.03937122486010194
562515,-0.0403,0.0395,10.7915,0.2969540887333452,-0.0923629636484664,10.78716589761786,0.0529,0.0037,0.0608,-0.03528765346407891,0.0377828502073884,0.06193527192212641
564514,-0.7823,1.1273,9.5638,-0.08816858874410391,-1.357403832492884,9.565498072232678,-0.0516,-0.0562,-0.0932,0.07360336697399616,-0.0027631403749808665,-0.0953003132544458
566514,0.8851,0.9591,10.4078,-1.0130198497220875,0.021110038600582613,10.44025501090996,-0.0168,-0.0067,-0.2251,0.009681053324788807,-0.007741436196537686,-0.2254850088018924
568515,0.2247,-1.179,11.2186,1.0674964883193374,0.8957206710069441,11.19623406509459,0.0113,0.0214,0.3357,-0.014260324148088692,-0.00632368098651059,0.3362094559073448
570515,0.1138,-0.6048,8.9612,0.6380001892834901,0.44764438624400643,8.94843070283383,-0.0082,0.0049,-0.1176,-0.0017245189249515526,-0.0090313291374594,-0.11762853235788644
572515,0.1749,-0.7126,10.4241,0.7216121314577758,0.559035596945649,10.409947578431666,0.0058,0.0159,0.0767,-0.013737760519236326,-0.006102183689689265,0.07709330383129419
574515,-0.2467,0.3373,10.3412,0.19044545973837376,-0.4407971214892343,10.338495144692436,-0.0119,0.0147,0.0681,-0.0016321073062717916,-0.018807896895566955,0.06810953969769179
576515,0.3185,0.8102,9.6762,-0.5539278856530785,-0.31270768352756284,9.694436232763529,0.0559,-0.0464,-0.0107,-0.0009918478108942536,0.07268025697502307,-0.010433428689092398
578514,-0.2646,-0.2842,9.5358,0.653758575166762,-0.050228620896767814,9.52115247714743,-0.0534,-0.0232,-0.0974,0.049468540190160275,-0.025443568439502275,-0.0989042401894927
580514,-0.1417,0.7709,9.6479,-0.22755172000452872,-0.6384760103290434,9.65592626398392,-0.0326,0.0,0.1713,0.02583082551881671,-0.02545516153895296,0.17056158491224052
582514,0.1492,-0.53,9.6827,0.5781945581234992,0.4239247595895547,9.671805525688828,0.0064,0.044,-0.0638,-0.039486162950098505,-0.023329250015784054,-0.06280118727385997
584514,-0.6861,0.2189,9.314,0.5358774756222964,-0.6962447393225506,9.300393975524976,-0.043,0.0177,0.1897,0.019554416673630476,-0.04489021839336492,0.18907901615016162
586514,0.1176,-0.0661,9.1883,0.23083737717047334,0.1017428385671694,9.185827201711014,0.0303,0.0183,-0.0871,-0.035959966207295656,0.011594877287140115,-0.0860919852156192
588515,-0.0846,-0.0553,10.1674,0.3804849397107959,-0.0628404822700657,10.160586793415622,0.0119,-0.011,0.0021,0.0007673874519765361,0.016182679254142567,0.0021335430055856703
590514,0.223,-0.619,10.4429,0.6196558987639844,0.535212741491897,10.431520895338803,-0.0284,-0.0147,-0.1359,0.025764683531969788,-0.011724919107789175,-0.1367119893360883
592515,0.2322,-0.4316,10.0534,0.4598563466981053,0.42246197977745903,10.045949859920144,0.0113,0.0147,0.0205,-0.017941712979227302,-0.0009410252996254714,0.02100569967441261
594515,-0.446,0.3203,10.5334,0.3374790271952749,-0.5825748474142515,10.526193141620235,-0.0088,-0.0092,-0.0125,0.012353834245353938,-0.0007309983729850507,-0.012852175910770893
596515,-0.2465,0.5265,9.5982,0.02522206977158787,-0.5603982046964578,9.599412936109678,0.0107,-0.025,-0.0443,0.010930227997153999,0.024467011792538688,-0.04454071733504534
598515,0.2945,0.2948,10.0903,-0.13361065004989506,0.0005783398574683601,10.098016779781132,-0.0009,-0.0208,-0.0138,0.016067222942411898,0.012797642765287309,-0.014211076023429631
600515,0.0192,0.2277,9.5749,0.08098732019290326,-0.16447287725401114,9.575871706641838,0.0113,-0.0177,0.004,0.006320157861709595,0.02004709550999105,0.003892243295535445
602514,-0.0405,0.206,9.77,0.14153999324142932,-0.19667215036693958,9.769251053925602,0.0003,-0.0006,-0.0351,-0.0007151565738022327,0.0007339894776698201,-0.035091449877619744
604515,0.3007,-0.197,9.7504,0.2281614345610142,0.32418859812766315,9.74896800520271,-0.0064,0.0098,-0.037,-0.0043770958766341204,-0.011092741276603191,-0.03692955685332417
606515,0.1463,-0.2044,9.8887,0.33737155327871443,0.21065927058369857,9.883894846846909,-0.0149,-0.0104,-0.0046,0.017429005496203902,-0.004638026138860733,-0.005103771349042654
608515,0.0102,0.0264,9.8221,0.24729385311827065,-0.042113162981765345,9.818937065158785,0.0095,-0.0085,0.004,0.00046264106035232586,0.012729297181591392,0.004031247368082404
610514,0.4861,-1.0832,9.5638,0.779429656125605,1.0388765243553555,9.549299142538757,0.0089,0.0006,0.0431,-0.005002641885727644,0.0062612849401775745,0.04327759181261063
612514,0.0359,-0.2234,10.2418,0.43301206418722865,0.13748982569007204,10.234220266242325,-0.0076,0.0031,-0.0138,0.0021573743537068365,-0.0077575035116635264,-0.013891611939296127
614515,-0.1431,-0.1393,9.7407,0.4704520634002984,-0.05179403479895555,9.73124422727786,-0.0272,0.0165,-0.0547,0.0034485893152654146,-0.031238165496336293,-0.05492234840281308
616515,0.1909,0.7201,9.9959,-0.39386063214465966,-0.35295738506331104,10.009660437788442,-0.0217,-0.0079,-0.0333,0.019111898831278087,-0.011347450803918765,-0.03388452048264444
618514,1.2067,-0.1648,10.7402,-0.3538521823182703,0.9915919863722289,10.757635339606553,-0.0259,-0.0024,0.3851,0.029300269422680138,-0.019505586506752295,0.3843691085241735
620515,0.7922,1.1605,10.8074,-1.095554846651852,-0.18125352361137054,10.841639486705883,-0.0339,0.08,0.0748,-0.037064390245079994,-0.07781103525590151,0.07560372858569027
622515,0.6888,-0.2974,9.7719,0.054750242263823794,0.6852055614082608,9.776523972689361,0.0242,-0.0366,-0.0119,0.01196755161806941,0.04215724626793526,-0.01209769652709365
624515,0.8691,-0.0018,9.462,-0.2958779835373163,0.6328773053789511,9.476112484104931,0.0181,-0.0336,0.0327,0.014861878407746552,0.03541397483260371,0.03241658469960094
626515,0.0301,0.0865,9.843,0.18916816447526216,-0.0658234332065098,9.841388286419585,-0.0265,-0.0153,-0.1732,0.02395493421256542,-0.00976235198881477,-0.17396964878030122
628514,0.4732,-1.1025,10.4044,0.8259381669312716,1.0386890461580827,10.388932519966737,0.0517,-0.0715,0.1878,0.026410325969755646,0.08502740519577637,0.18742149339355527
630515,0.6862,0.3374,9.2894,-0.4414039513453841,0.27470364021407445,9.306307813747972,0.0303,-0.0788,-0.0052,0.040415243050456046,0.07405527211744338,-0.0060823203630745405
632515,0.2396,-0.1061,10.0369,0.20625084185525772,0.21786668141908017,10.03583704955764,-0.0406,-0.0318,-0.1536,0.04619697090387344,-0.009929604339599605,-0.15498323680981993
634515,-0.6589,0.8648,9.5381,0.03172328049167993,-1.0935355281588157,9.537324402419477,-0.0534,-0.0202,0.1023,0.052750834096223116,-0.028049537720298397,0.10077431873902679
636515,-0.4473,-0.4916,9.4393,0.9272992353074252,-0.05535746693522669,9.41696273695156,0.0028,-0.0647,-0.0431,0.046357533907145254,0.04408254262930713,-0.044263398376479746
638515,-0.1611,0.5801,9.0744,-0.08543764067888253,-0.5280939032178372,9.078602576862648,-0.0357,0.0318,-0.2147,-0.007200631252676249,-0.04707592012439855,-0.21474131017178297
640514,0.2559,-0.687,10.218,0.6440220709830523,0.6050094553833828,10.206085472130775,-0.0174,0.055,-0.1286,-0.03431826422959566,-0.04838511567125097,-0.1278548310793936
642514,-0.0507,-0.2583,9.1537,0.48520796353146434,0.09757761620706876,9.14410016908534,-0.0027,-0.0067,0.0284,0.007648183354735374,0.00217295542601496,0.02820502763129771
644515,-0.5947,0.6565,9.2052,0.13991734096109865,-0.9088427078383043,9.201891025936975,0.0052,-0.0147,-0.029,0.007049539245665075,0.013563293746579438,-0.029162837355211378
646515,0.0981,-0.2282,10.7546,0.4108148576006293,0.18635135114630683,10.748005790421367,0.0565,-0.0226,0.0351,-0.018261674528568986,0.05760840125032701,0.03581624493002891
648514,-0.4434,-0.4753,10.4401,0.9402644692771136,-0.06625817861431277,10.41775974583514,-0.01,-0.0183,-0.0229,0.01978217956200242,0.0042671759788412604,-0.023446888777986168
650515,-1.1335,1.141,9.4713,0.1255880371801555,-1.63400394878597,9.46607040040046,-0.0491,0.0318,0.1781,0.012411189129203555,-0.05861704857167788,0.17762788377404215
652515,0.3991,-0.1633,10.1328,0.1495730387508869,0.3762422468535602,10.133886564243957,-0.0058,0.0403,0.0773,-0.024848163036257028,-0.030722366501810032,0.07792127538062632
654514,-1.1594,0.0646,10.4756,0.9916584040611982,-0.9616914127619937,10.448844147484749,0.037,0.0153,0.117,-0.032303321947157376,0.017964533251803368,0.11800788721852006
656514,0.5806,0.3982,9.36,-0.41763435710668567,0.15458536920398472,9.375870501037687,0.0181,0.0244,-0.1512,-0.03452449884414673,-0.0014436871048063048,-0.1503009831868112
658514,-1.4133,-0.1998,9.182,1.321272280523181,-0.9803354102743789,9.145471336817742,-0.0553,0.0238,-0.0522,0.016094056738913058,-0.05741060258960352,-0.05286184023171664
660514,0.3365,-0.0083,9.9837,0.06756809666976335,0.2288182974993717,9.986523275909201,0.0254,0.0031,0.0186,-0.018248773331940173,0.017321855524089186,0.01917460853345692
